sensor,p_a_um,p_h_um,p_vs,p_doping,sensitivity,noise_sd,lod,full_scale_output,nonlinearity_pct_fs,constraint_metric
piezoresistive_pressure,985.4776444412399,38.916576890390516,4.784216127197821,5.041765506629994e+18,0.3415959204364444,0.008440077046892095,0.0741233417200228,34.15959204364444,0.00016671102006485472,587.8230247237876
piezoresistive_pressure,778.413492110995,18.16038393269711,7.2710643084038615,6.515222302029118e+19,0.5473364364059075,0.008440077046892095,0.046260817764923426,54.73364364059074,0.011218043632590564,439.6527865228441
piezoresistive_pressure,1137.4037930176007,19.129656535836027,6.441750822872717,2.2339421096659704e+18,3.2579871484656597,0.008440077046892095,0.007771740644403947,325.798714846566,0.15095438251665305,216.9118818523234
piezoresistive_pressure,1212.1826228511354,21.578555980620543,2.1555151265870403,2.281156119269377e+18,0.9691732971951971,0.008440077046892095,0.02612559715992324,96.91732971951971,0.09653758017446873,215.42285875210328
piezoresistive_pressure,1218.6907458786873,25.200479903674864,7.656691740182746,1.8622449254353776e+17,3.54298338499135,0.008440077046892095,0.007146584781610006,354.298338499135,0.029381304373110814,248.90137666376714
piezoresistive_pressure,1064.1176180618347,19.507203062217467,7.70122187018424,2.511039397013201e+17,4.436873012571684,0.008440077046892095,0.005706773907869917,443.68730125716843,0.07653161416257485,252.7093155915186
piezoresistive_pressure,1206.2968447753492,20.019324206488204,3.3736337242193306,7.767407810537801e+19,0.4501338581240571,0.008440077046892095,0.05625044791386925,45.01338581240571,0.16759435205318599,201.81179404736807
piezoresistive_pressure,1440.6848065255526,22.25217189608281,2.1466944583520577,2.5655173158882864e+17,1.7276118336097592,0.008440077046892095,0.014656203811576654,172.76118336097593,0.2927496250618135,157.26785663979942
piezoresistive_pressure,932.3938393368504,12.722458131993546,7.229404158925495,6.062679976518186e+17,6.9113902849264885,0.008440077046892095,0.003663551050777564,691.1390284926489,0.7418711424299054,214.67316225133933
piezoresistive_pressure,917.0896677192065,13.011796435106307,9.604357415023392,2.514835018544109e+18,6.514676204241563,0.008440077046892095,0.003886644607784319,651.4676204241563,0.5570075594595428,226.9442445387369
piezoresistive_pressure,764.0141822802898,18.270916313245042,2.008075594621662,3.934258157020332e+17,0.6603423445648791,0.008440077046892095,0.03834409734447759,66.03423445648791,0.009206158465268328,459.1588945666632
piezoresistive_pressure,1081.271630062946,41.51594104417373,6.3701220972532075,3.5048765022043677e+19,0.2387130353084018,0.008440077046892095,0.10606974649693589,23.87130353084018,0.00020874886577192697,520.8957139294695
piezoresistive_pressure,699.665633057271,14.452274428955409,8.468239676922149,7.017234677719534e+19,0.7788620057331928,0.008440077046892095,0.03250926474047316,77.88620057331927,0.029635592321191537,433.07252201850804
piezoresistive_pressure,1298.3338374839755,14.36779657498505,3.1913000188052334,2.6588879002317773e+18,3.198302112961157,0.008440077046892095,0.007916772789557857,319.8302112961157,2.858120455778034,125.03250510271901
piezoresistive_pressure,1448.0729495174671,16.955011102112014,5.905098220054997,1.1207206476943704e+19,3.257511962033552,0.008440077046892095,0.0077728743396140105,325.7511962033552,2.07103348482945,118.61038369500612
piezoresistive_pressure,979.660383031935,17.651155536602598,2.316422237350187,1.3172786501060348e+19,0.5532570043102238,0.008440077046892095,0.045765766982461285,55.32570043102238,0.08775194236801419,269.79106613925376
piezoresistive_pressure,800.4550573454303,12.751080954648373,3.616607859415037,9.561288417286236e+18,1.214961542375081,0.008440077046892095,0.020840356058660713,121.49615423750811,0.23060885822794988,291.92992203904197
piezoresistive_pressure,1051.4855487614632,12.054687784976625,2.021602496463473,6.599562307918473e+17,2.5583914161042633,0.008440077046892095,0.009896934058367087,255.83914161042634,2.345921284717094,159.93917965864566
piezoresistive_pressure,765.9201359490132,31.450839449723016,3.781757097887402,1.4545595018028774e+17,0.45152641141678346,0.008440077046892095,0.05607696582183835,45.152641141678345,0.0001219774865955126,786.449392333802
piezoresistive_pressure,619.311775637864,13.112291856009568,8.101602717560233,9.163872552121177e+18,1.5813392450122468,0.008440077046892095,0.016011890693625446,158.13392450122467,0.024340437136632607,501.4936585930714
piezoresistive_pressure,1308.1595232022512,41.983880395180044,5.004106157451633,1.8926890547174264e+18,0.7304039583682131,0.008440077046892095,0.034666065059729294,73.04039583682132,0.0008758941422658012,359.8874281666963
piezoresistive_pressure,668.7365900274457,19.35346978954785,2.2815807705797315,6.037107607442603e+18,0.28377101507319624,0.008440077046892095,0.08922768639406373,28.377101507319622,0.002003235638330389,634.8252322492102
piezoresistive_pressure,885.2043416727901,42.16104614155252,6.017507997383253,4.19685237398688e+18,0.3147329271042412,0.008440077046892095,0.08044989564212356,31.473292710424122,3.72333248537783e-05,789.2776804563296
piezoresistive_pressure,610.4954346357584,17.562768351855485,7.533971375587649,3.1983122855179546e+18,1.1784802505195753,0.008440077046892095,0.021485494669522848,117.84802505195753,0.0021012224384229657,691.2476151979092
piezoresistive_pressure,853.4799322273814,27.138476596575632,5.443641857935202,6.228560951901166e+17,0.9799835142631431,0.008440077046892095,0.025837405193203433,97.99835142631431,0.0009433774771561131,546.5178498575991
piezoresistive_pressure,967.8481357002173,24.916141772765435,6.277642245481969,1.6480462762489446e+17,1.8909468475644142,0.008440077046892095,0.013390239484144868,189.0946847564414,0.00510735189161403,390.1861697767382
piezoresistive_pressure,1334.0637273282118,39.54826886361936,3.1555095211927515,1.5048391280430713e+19,0.2681650036396734,0.008440077046892095,0.09442034119671501,26.81650036396734,0.001652627243510829,325.97165687291056
piezoresistive_pressure,704.8482183331134,12.593366114942945,4.2362764119918825,5.806964161609566e+19,0.577330912578513,0.008440077046892095,0.04385739718593868,57.7330912578513,0.09378213491191785,371.84002091149006
piezoresistive_pressure,993.1433639906569,12.25596728279771,3.0951731230391286,4.381505098480845e+19,0.9675095619272223,0.008440077046892095,0.026170522894099227,96.75095619272223,1.4876984304090495,182.27588554665013
piezoresistive_pressure,1217.7849019785067,21.96926808321609,8.487124256462288,1.7065652976104796e+19,1.8671687478745878,0.008440077046892095,0.013560762073325454,186.71687478745878,0.0868815661202245,217.3101100141638
piezoresistive_pressure,798.4479335028208,13.67015309959321,6.613759648971489,4.186506205674305e+17,4.208438858639961,0.008440077046892095,0.006016537721272494,420.8438858639961,0.1312537784846668,314.5471033175157
piezoresistive_pressure,1060.046410789581,24.409208594460065,8.49314518996421,5.848056119669661e+18,1.6883253100931743,0.008440077046892095,0.014997246673556607,168.83253100931742,0.012454695397036008,318.6467204313191
piezoresistive_pressure,630.8565403016148,18.90308901705559,2.013985337743678,6.8192933598266565e+19,0.08957957755803368,0.008440077046892095,0.2826562909863322,8.957957755803369,0.0015169544178711045,696.7501545550033
piezoresistive_pressure,875.8931078109932,20.603714255887517,4.826055863536695,1.5918421879893804e+18,1.3709267523172117,0.008440077046892095,0.018469426683722315,137.09267523172116,0.010503164341807642,393.95699330153184
piezoresistive_pressure,792.6330353166053,14.546750108304263,9.491102228918535,1.3930922286034354e+19,2.1495529693305677,0.008440077046892095,0.011779300860197798,214.9552969330568,0.07585294414316465,339.6465086133696
piezoresistive_pressure,1303.81760573905,19.462651723267506,7.976625580596976,5.37149032266259e+19,1.6064210858844339,0.008440077046892095,0.015761889185322748,160.6421085884434,0.3801054913501807,167.94761581222696
piezoresistive_pressure,879.5380774883993,17.595284304290516,4.549307451091435,2.343316693961804e+19,0.7323606511319591,0.008440077046892095,0.034573445612541526,73.23606511319592,0.038242990610410754,333.6510613610328
piezoresistive_pressure,1077.2005384477416,14.915280212118155,5.796976277180814,3.917045781681799e+17,5.567258287781117,0.008440077046892095,0.004548061151796839,556.7258287781117,0.666774058599209,188.557498161852
piezoresistive_pressure,631.5885090210013,28.480472009399524,5.1591583567067705,3.668335792505247e+17,0.4796479851046596,0.008440077046892095,0.052789195257750096,47.96479851046596,5.767262163053181e-05,1047.331719417875
piezoresistive_pressure,921.7333634774774,24.717791050741447,3.542525866355012,6.136296420032266e+19,0.2086672665490994,0.008440077046892095,0.12134261189796358,20.86672665490994,0.003684945038487893,426.78048762452755
piezoresistive_pressure,1492.9379850598891,16.71897269662277,9.510561196283055,2.5622899741116125e+19,4.283051150773304,0.008440077046892095,0.0059117274693543465,428.30511507733036,2.678829311916952,110.03518211208976
piezoresistive_pressure,859.6793607867149,19.063825041308462,6.84684454000887,2.994258677432594e+17,2.668272687764585,0.008440077046892095,0.00948937162861303,266.8272687764585,0.016823835394373293,378.3925324322311
piezoresistive_pressure,1140.7480174006619,26.296587574415053,6.987753854518671,2.2992647762113792e+18,1.8744400509138046,0.008440077046892095,0.013508157344553361,187.44400509138046,0.012345041738216765,296.43225914868935
piezoresistive_pressure,766.9164333530535,33.59371759261059,9.395286321476163,2.3619241574364426e+18,0.6930082671135205,0.008440077046892095,0.03653669421021297,69.30082671135204,7.274319098350553e-05,837.8523522829239
piezoresistive_pressure,1023.6963599549347,13.650551785259923,3.838333303694614,1.3328352820390792e+18,3.445493922821735,0.008440077046892095,0.007348795762768297,344.54939228217347,0.8752010031939819,191.07919493833427
piezoresistive_pressure,620.4762265504327,16.417104722044115,3.1718576786395802,1.186880754250048e+19,0.3630837529468746,0.008440077046892095,0.06973661293068398,36.30837529468746,0.0041027071269894196,625.5352530087201
piezoresistive_pressure,755.981634560886,31.61836608302597,6.453881410783426,2.8942675721703265e+18,0.49232129957289034,0.008440077046892095,0.05143029798353771,49.23212995728903,0.00010530409071399569,811.5633895170156
piezoresistive_pressure,1494.1904092306156,24.475886654193914,5.167904437461213,1.2097505393361308e+18,3.2197799903228517,0.008440077046892095,0.007863963133126184,321.97799903228514,0.1855741619908036,160.81703785259617
piezoresistive_pressure,891.0371129876439,16.920144325384772,9.103985205288073,1.13100996211409e+19,2.047789069100646,0.008440077046892095,0.012364667593326151,204.7789069100646,0.0578750094681993,312.62088656408355
piezoresistive_pressure,639.8403166133949,27.471043962004526,9.348100799258843,3.130449167063853e+19,0.29333687764744043,0.008440077046892095,0.08631792682783136,29.33368776474404,8.539713703169378e-05,984.3226406831053
piezoresistive_pressure,628.6958128550305,26.18772945978147,8.01068926066341,1.6812059889727578e+18,0.7159134137022886,0.008440077046892095,0.03536772835381691,71.59134137022886,0.00010879582953460972,971.9014360246456
piezoresistive_pressure,1287.741179837786,25.163332192957053,2.4877409960757837,1.9988358778049328e+17,1.2823067576838167,0.008440077046892095,0.019745845515476562,128.23067576838167,0.0461017301788452,222.59555983904147
piezoresistive_pressure,1441.7803157375408,20.56518456438574,9.763789856182235,5.103531896964383e+19,2.198025410260861,0.008440077046892095,0.011519535225787624,219.80254102608612,0.5354134060067437,145.12423441261535
piezoresistive_pressure,1064.7743206061282,22.52897485513761,5.700789409235423,5.1037980806774144e+17,2.349741926594813,0.008440077046892095,0.010775749819202369,234.97419265948133,0.02446832855377061,291.495468064134
piezoresistive_pressure,1104.2340115855475,25.569543407777587,8.780786557093805,2.817805368194279e+18,2.2018510358739225,0.008440077046892095,0.0114995205071294,220.18510358739226,0.01190967891834107,307.61410658737867
piezoresistive_pressure,803.9041951587393,27.789010578838397,8.439433691339849,3.4688377347940357e+18,0.8915334397166284,0.008440077046892095,0.028400764360251317,89.15334397166284,0.0004836138268982993,630.7685161846537
piezoresistive_pressure,1039.3158183997748,36.19553815396082,7.747053244000339,2.761483930172398e+17,1.2315620578516857,0.008440077046892095,0.0205594439835573,123.15620578516857,0.00045560724142757755,491.54748401079775
piezoresistive_pressure,893.2836291104544,21.32853431707086,7.429922478321435,1.0909173426648101e+18,2.2446213795271484,0.008440077046892095,0.011280401840425417,224.46213795271484,0.009323305277185605,392.09181487170275
piezoresistive_pressure,1116.7117024264317,30.0312707068291,5.081140231530894,8.411399515979556e+18,0.6390942141989857,0.008440077046892095,0.03961893345007295,63.90942141989857,0.0036025448040668743,353.26213410645875
piezoresistive_pressure,1030.008399991072,26.943756406772273,5.037067979704156,1.4852808478038054e+17,1.4796944022379812,0.008440077046892095,0.017111797613331783,147.96944022379813,0.004494490347547602,372.5479041135513
piezoresistive_pressure,623.6158032767792,27.082396525439197,2.19929729267174,2.8554048121536078e+19,0.06991826149973143,0.008440077046892095,0.3621404565497319,6.991826149973143,7.793138492935774e-05,1021.5470687989367
piezoresistive_pressure,1135.921977177259,17.051770718697533,6.914390408992967,4.744851715219024e+18,3.4502399364532543,0.008440077046892095,0.00733868704989391,345.02399364532545,0.36421282006256983,193.85544065373762
piezoresistive_pressure,1184.2772462212713,29.046415986146165,2.080832067863109,1.464769153714129e+18,0.555215423573299,0.008440077046892095,0.04560433674143696,55.5215423573299,0.007521990919914623,303.8024672044745
piezoresistive_pressure,1420.7626546111865,39.438104450961234,7.763378458135895,4.2271032448254086e+17,1.8856065396080517,0.008440077046892095,0.013428162561389626,188.56065396080515,0.0027961513697498486,286.60151447854923
piezoresistive_pressure,1010.0494688370887,39.901196865827245,9.214441119848715,4.2101450777990287e+18,0.6998112093243166,0.008440077046892095,0.03618151696244411,69.98112093243166,0.00016623442166367763,573.7281349695586
piezoresistive_pressure,1462.1588789728667,26.107061043620345,6.401986902008309,1.1674746091076954e+19,1.6122815435730675,0.008440077046892095,0.015704596533780757,161.22815435730675,0.09426590800127657,179.13249171933154
piezoresistive_pressure,810.459273535293,22.819528759043028,3.6527625599985236,1.78485968116129e+17,0.9150150157028389,0.008440077046892095,0.027671929647217184,91.50150157028389,0.0024953420694149692,509.62390786860317
piezoresistive_pressure,1337.3187097431803,31.02588849240755,3.0643001135412185,5.864256166395199e+17,1.0404550627876388,0.008440077046892095,0.02433572774670063,104.04550627876388,0.011729803267662164,254.48365873689625
piezoresistive_pressure,783.6231996386612,33.749490291197176,7.634437853177475,4.7429924422557235e+17,0.764053307066114,0.008440077046892095,0.03313935154328874,76.4053307066114,8.32899237029727e-05,806.2285293079573
piezoresistive_pressure,901.7831419796225,20.491404755077216,6.758035797406133,1.659628036202053e+18,2.0353418837386354,0.008440077046892095,0.012440284034329702,203.53418837386354,0.013846085329217987,369.63494401538566
piezoresistive_pressure,1260.4033515146955,28.759399643367352,5.237536748363972,7.679800456535704e+19,0.3741070168797095,0.008440077046892095,0.06768178622219685,37.41070168797095,0.013395152392587789,265.5621837312573
piezoresistive_pressure,983.4569007486211,15.558095045406807,9.148804493641949,5.765111322266084e+19,1.5888095311143362,0.008440077046892095,0.01593660576980398,158.88095311143363,0.2433353664960871,235.966999521986
piezoresistive_pressure,820.3822206790832,13.173996657658009,7.409971730410748,1.216935135323938e+17,5.8129130083963885,0.008440077046892095,0.004355859291907999,581.2913008396389,0.21665032332752676,287.1379420416689
piezoresistive_pressure,1231.1141934027112,18.81270180446104,9.00851226775507,3.3014769629826324e+18,4.895854759455046,0.008440077046892095,0.0051717692588361544,489.58547594550464,0.31785442413548753,182.07906271813872
piezoresistive_pressure,725.424179363161,21.601494321634775,7.676609236716458,2.3293309528257336e+18,1.230007021012942,0.008440077046892095,0.02058543626834295,123.0007021012942,0.001594598308193849,602.1507825518204
piezoresistive_pressure,1286.3565979898265,20.58965853107412,5.376552745294667,7.717300695427192e+19,0.7729443924590877,0.008440077046892095,0.03275815361066416,77.29443924590878,0.22220016955035404,182.52901125572023
piezoresistive_pressure,740.011407416166,16.11711014143381,2.233665105101676,9.489622185164646e+19,0.15218238738971465,0.008440077046892095,0.166380824844305,15.218238738971465,0.019425588654557457,431.733609478882
piezoresistive_pressure,873.6586345587891,35.779565847265765,6.3902950229942075,7.944021814263824e+19,0.1387863297659036,0.008440077046892095,0.1824403828776575,13.87863297659036,0.00012460148591906926,687.6335112701635
piezoresistive_pressure,981.980625895682,41.19371808554373,4.892667085032631,3.376855081678966e+17,0.5286580998537398,0.008440077046892095,0.04789528647661213,52.86580998537398,0.00010281257281714084,626.6581146103854
piezoresistive_pressure,1285.2688399267054,23.9942519900913,3.680760642119467,4.0670172756359514e+17,1.9779785167085484,0.008440077046892095,0.012801064787503542,197.79785167085484,0.06624755169227217,213.07121006676724
piezoresistive_pressure,1150.2460363602006,26.714432382821723,3.4624586436643807,2.37989687592765e+19,0.4116183589510187,0.008440077046892095,0.0615138527960783,41.16183589510187,0.011629720294612012,296.1897151935343
piezoresistive_pressure,1164.9248931040113,37.10734901704262,3.7269355694298794,5.7785198355418e+18,0.3890330281818355,0.008440077046892095,0.06508504241660817,38.90330281818355,0.0009300952907151656,401.1156359498667
piezoresistive_pressure,856.8022436843744,24.001131352570077,7.316544895051481,7.138586947276417e+17,1.680181434974096,0.008440077046892095,0.015069938646873966,168.0181434974096,0.002599674496840814,479.5965359097265
piezoresistive_pressure,1362.760733004086,28.90543948610021,9.615758404436326,1.9183019962020872e+19,1.4758892956445244,0.008440077046892095,0.017155914888331025,147.58892956445243,0.023989595147967634,228.32100559913187
piezoresistive_pressure,852.4723836464586,28.06426422999561,4.176683256390521,7.124356644937341e+19,0.1500263720369583,0.008440077046892095,0.1687718685514755,15.002637203695828,0.0007145770585394484,566.4982040395091
piezoresistive_pressure,635.9395116772158,20.79946119588891,5.491700413146487,2.4421206623962107e+18,0.7197403531305242,0.008440077046892095,0.03517967421243712,71.97403531305243,0.0007529105891545245,754.4422137619069
piezoresistive_pressure,1393.601177862786,41.84307695847546,5.668595974507891,1.0755058971845106e+19,0.5181864075465706,0.008440077046892095,0.048863171190766316,51.81864075465706,0.001492486531218284,316.0473241952964
piezoresistive_pressure,890.0813474471878,17.107631052777116,3.4364835190462673,6.719917696869848e+18,0.9278747822425659,0.008440077046892095,0.02728841393822582,92.78747822425659,0.05257514208616609,316.7641247527654
piezoresistive_pressure,849.9188768362962,14.39816851775644,8.175727402823991,3.415337616128269e+18,3.5975198761412774,0.008440077046892095,0.007038246350937448,359.75198761412776,0.14263602123889005,292.38683629279876
piezoresistive_pressure,825.8405624514714,33.86816451768913,3.071134355162493,2.0430710987839513e+19,0.12354311338334312,0.008440077046892095,0.2049505670308785,12.354311338334313,0.00012322704640427428,728.4583981893621
piezoresistive_pressure,1043.9169705216284,44.388561022409064,9.648000224902527,1.933950434407215e+18,0.7976847324017932,0.008440077046892095,0.03174215339992555,79.76847324017932,9.22636320790086e-05,597.5092938842655
piezoresistive_pressure,1124.233809760312,21.99384668734012,6.783281270872274,3.988382496137117e+18,2.13575055545437,0.008440077046892095,0.011855425286446683,213.57505554543698,0.04567743607495998,255.26626475757683
piezoresistive_pressure,1048.4026676781064,19.319011238028796,3.4159313708795573,4.865950524660835e+17,1.8597965032081545,0.008440077046892095,0.013614517016780498,185.97965032081544,0.07345255106693346,257.83043091476054
piezoresistive_pressure,1232.8097822799737,35.38179363997603,4.477318715531092,2.6068009119622344e+18,0.7479136779013535,0.008440077046892095,0.03385448332984747,74.79136779013535,0.0021413318063667184,341.5019717755849
piezoresistive_pressure,719.3870155369298,33.68663836338504,5.6718270590976,3.398948026987594e+19,0.14472279382763484,0.008440077046892095,0.17495676023800877,14.472279382763483,4.264946805586018e-05,954.8562578244982
piezoresistive_pressure,1022.5748459297398,23.7228391935698,4.905287730916108,8.284858821565527e+19,0.3230735204150361,0.008440077046892095,0.07837296943478585,32.30735204150361,0.011733632601185531,332.79896591520844
piezoresistive_pressure,689.0391938602953,40.725208185040266,4.412663323895007,8.722770470480314e+18,0.1130882083103453,0.008440077046892095,0.22389806611128343,11.30882083103453,6.6209639099807516e-06,1258.2906656196412
piezoresistive_pressure,931.1889225990444,12.72975846556727,4.589308071416986,1.7292365049223866e+19,1.7140272099855702,0.008440077046892095,0.014772362418266072,171.40272099855702,0.7318962103831452,215.3525781964619
piezoresistive_pressure,768.4522944469622,21.170845606494325,7.445199213923625,3.218792120896357e+18,1.267325728940449,0.008440077046892095,0.019979260708172738,126.73257289404489,0.002969862815922907,525.908143414379
piezoresistive_pressure,1470.0126734841087,16.375093352866585,8.891825270624926,6.20349650625431e+19,2.7195495243968164,0.008440077046892095,0.009310450467450927,271.9549524396816,2.7580118731510135,111.15964231073643
piezoresistive_pressure,970.6147694353187,22.97426387530395,6.674974978211998,1.7548521271002442e+18,1.8265218107228713,0.008440077046892095,0.013862539714571189,182.65218107228714,0.009994174048668609,357.72832410448626
piezoresistive_pressure,652.2306193730805,30.049734259257615,8.555834046217791,3.703705363595446e+17,0.7614838215231318,0.008440077046892095,0.033251174122163704,76.14838215231318,4.8568903128670176e-05,1036.2004663512237
piezoresistive_pressure,644.5041926722263,23.842057920693,5.122392454619349,1.0226275148375095e+18,0.6544861403377596,0.008440077046892095,0.0386871922568281,65.44861403377597,0.0002811361375425728,841.9722127870656
piezoresistive_pressure,1191.009593653316,41.71844444830797,5.013936765407033,1.2977807104514421e+17,0.8288731128492923,0.008440077046892095,0.03054777715449924,82.88731128492924,0.00043505987012272524,431.4228078655709
piezoresistive_pressure,1105.82531646923,34.61619901714885,3.186215582655393,2.4345542863587635e+17,0.6323613280887582,0.008440077046892095,0.04004076469572209,63.23613280887582,0.001069233861346679,415.2520990285961
piezoresistive_pressure,1280.250184859327,36.89488012857351,5.829372896183672,4.978184982806653e+19,0.3310995177562741,0.008440077046892095,0.07647317432613954,33.10995177562741,0.002071991987634321,330.203690832415
piezoresistive_pressure,1460.5207697848402,42.65417149509055,6.91777522771343,4.3415247587099873e+18,0.9513255578786327,0.008440077046892095,0.026615737305679076,95.13255578786327,0.0018626871344299832,293.32666871286557
piezoresistive_pressure,760.9759608293559,13.820836094640862,9.631414967340408,9.800886997554478e+17,5.125911808124046,0.008440077046892095,0.0049396540729683075,512.5911808124047,0.08238341636420513,350.10471150369455
piezoresistive_pressure,1078.730412594887,24.26044485852492,4.660961525629268,3.537091035674624e+17,1.7457375388801624,0.008440077046892095,0.01450403086188915,174.57375388801623,0.015035888619560978,305.82883354575574
piezoresistive_pressure,1354.0317147505775,18.714826835665214,7.033384068841803,5.650218370368431e+18,3.8466600341874084,0.008440077046892095,0.0065823937950433105,384.66600341874084,0.6755689250434951,149.73856045814796
piezoresistive_pressure,961.8450482253068,13.187340497783339,4.395523059569132,8.360005402572879e+19,0.805192295524065,0.008440077046892095,0.031446191526455725,80.5192295524065,0.7165164795540017,209.09926530670597
piezoresistive_pressure,780.6776938395942,14.767124387581338,4.284138758219992,1.0601500511910179e+19,0.9888755179168128,0.008440077046892095,0.02560507433131366,98.88755179168129,0.059684273198181224,355.43313001023654
piezoresistive_pressure,928.7476803864785,29.758946886949563,2.7150415482113477,1.2429420199170627e+17,0.537886207368391,0.008440077046892095,0.04707358321113224,53.7886207368391,0.0008872936875720262,506.0898043501081
piezoresistive_pressure,1309.1365030735749,30.199037031939916,9.525149961684356,3.0623516153702816e+17,3.425531053767055,0.008440077046892095,0.007391622129021904,342.5531053767055,0.012277459687201998,258.48107040653986
piezoresistive_pressure,671.5852123255037,13.609629215004562,5.0717267117809754,2.8620011514353766e+18,1.6516994216146628,0.008440077046892095,0.01532980565914579,165.16994216146628,0.03450943978119189,442.63887937120745
piezoresistive_pressure,873.2744846829661,16.01566471374066,3.4278077549882093,2.4815816791474606e+18,1.418919382607337,0.008440077046892095,0.01784472849623709,141.8919382607337,0.07626853643766578,308.06966766408
piezoresistive_pressure,846.4920200829306,27.55839260249096,7.925536544482626,3.6233503544952863e+18,0.9309258714343192,0.008440077046892095,0.027198976758121753,93.09258714343191,0.0007812389255504482,564.1747696000328
piezoresistive_pressure,1028.2593284907252,21.67228575726629,6.313906300914505,2.8603709713292897e+18,1.9017768241049098,0.008440077046892095,0.013313986593875705,190.17768241049097,0.025235662973686707,300.68025928905325
piezoresistive_pressure,758.4134609816538,28.993921403214475,2.0756042048241112,9.106257561314499e+19,0.04727171195881356,0.008440077046892095,0.5356317783188612,4.727171195881356,0.00021610107753344723,739.4356855891467
piezoresistive_pressure,1061.731518138868,18.403243049393268,2.2859770733522335,1.418255337329675e+18,1.2267266377803077,0.008440077046892095,0.020640483674905608,122.67266377803077,0.11912149666738393,239.48066540397056
piezoresistive_pressure,878.2538278683835,18.359240710893033,7.987792388087296,1.3027078697146872e+19,1.4246904852115163,0.008440077046892095,0.017772443491062637,142.46904852115162,0.02694362002137681,349.156496717319
piezoresistive_pressure,606.6328687277518,16.64223043136153,7.291497522032681,2.0296989173325146e+18,1.4295024672190364,0.008440077046892095,0.017712618006133583,142.95024672190365,0.0030719641598264172,663.3842704839557
piezoresistive_pressure,1399.5860554361188,21.443101344706182,9.308289511682682,8.746803191820099e+17,6.9697682866664845,0.008440077046892095,0.003632865555819862,696.9768286666484,0.31154270311982063,160.58090403784598
piezoresistive_pressure,1257.681671640315,26.729529310234646,9.055589656358833,2.0007314957350966e+18,2.9676733663227743,0.008440077046892095,0.008532014145495542,296.7673366322774,0.023613457156897846,247.88791883783261
piezoresistive_pressure,799.231503102565,26.496811479304615,3.926594356621532,1.6920435752966435e+19,0.2571887380527326,0.008440077046892095,0.0984499995310244,25.71887380527326,0.0006755692337182821,608.4906955138399
piezoresistive_pressure,772.7090491297967,43.27398798454521,4.878194063630443,2.155062300953677e+19,0.10332344543567315,0.008440077046892095,0.24505794434081363,10.332344543567315,1.019034144688961e-05,1063.1644289057597
piezoresistive_pressure,1366.8701475321336,42.78895740828408,5.757721667705243,5.0867658360415e+19,0.2742471285550286,0.008440077046892095,0.0923263309048492,27.424712855502857,0.0010690055367925083,335.95623180899275
piezoresistive_pressure,772.0027241626085,16.17345159940822,3.2914705161183573,1.5825159350840986e+18,1.1799427354034233,0.008440077046892095,0.021458864384651073,117.99427354034233,0.02647822737947804,398.0801859725897
piezoresistive_pressure,664.8878812833037,12.553025856958651,2.499837731969866,8.03599651153953e+17,1.250461254941347,0.008440077046892095,0.02024871305737812,125.0461254941347,0.06059001775922981,416.54037424313026
piezoresistive_pressure,926.7991808369449,31.417209581647157,5.594480828616781,3.988176433809463e+19,0.254491476426319,0.008440077046892095,0.09949343489312132,25.449147642631896,0.000565442692483935,536.5396735527249
piezoresistive_pressure,1112.264170829709,13.429922478629596,9.35771548087353,5.691253477757631e+17,11.075465979562074,0.008440077046892095,0.0022861549290477306,1107.5465979562073,1.7121352668681686,159.24401711729314
piezoresistive_pressure,819.7410534524162,14.184090080868561,5.782743713821835,6.3270401316766e+18,1.9685367996576502,0.008440077046892095,0.01286246269060337,196.85367996576502,0.12076306937912246,309.6375508846184
piezoresistive_pressure,757.4341253665833,13.592748077302966,8.54956692077766,4.033873070774452e+17,4.971039612679239,0.008440077046892095,0.005093548455356092,497.1039612679239,0.09056825145286784,347.55460421082637
piezoresistive_pressure,857.7580137614252,18.50629536568852,2.7094778745041674,6.253404289433889e+18,0.5978294904150112,0.008440077046892095,0.04235360005927286,59.78294904150112,0.020943036473184254,368.9737200951315
piezoresistive_pressure,999.7780749760058,14.312290242165083,6.244816238039623,6.111159119643336e+19,1.2721955565928662,0.008440077046892095,0.019902782248735193,127.21955565928663,0.5211533231618211,210.04262239826957
piezoresistive_pressure,1115.0767655163472,19.403421768989343,9.847252735809095,2.638008783413469e+19,2.0018423612043414,0.008440077046892095,0.01264846405060747,200.18423612043415,0.11551732132863315,228.91502807707846
piezoresistive_pressure,1326.945047841777,32.55572803180178,3.583850262954685,1.1734473723863434e+17,1.215322110951793,0.008440077046892095,0.020834173024998667,121.5322110951793,0.007503284724537985,271.223333734044
piezoresistive_pressure,618.6565353440678,28.338020030327282,8.33183713810811,4.1671120229839546e+17,0.7439905775503671,0.008440077046892095,0.03403299975121277,74.39905775503671,5.087619238209625e-05,1086.1149879244947
piezoresistive_pressure,726.8174851544069,19.551942251686118,4.313135947478815,8.966450626418067e+18,0.527008408700283,0.008440077046892095,0.048045212794842244,52.7008408700283,0.0035938066620507204,542.9310588550999
piezoresistive_pressure,1027.0581742125767,37.84935303502774,9.440754713362953,3.6590412246087115e+19,0.37715013392457625,0.008440077046892095,0.06713568116017138,37.71501339245763,0.00028983629821592225,526.3491035554708
piezoresistive_pressure,1010.8960260247828,17.079269416582935,3.6028586174800346,1.911757658071889e+18,1.8839186031786619,0.008440077046892095,0.013440193805589293,188.3918603178662,0.14567633622116197,245.16689387734039
piezoresistive_pressure,658.9471725917724,21.924741931614207,8.423682435207137,5.431966412011884e+18,0.824659973105262,0.008440077046892095,0.030703843967754135,82.46599731052619,0.0006563991409415063,740.6939655427863
piezoresistive_pressure,1017.7045983632686,29.40511205761683,7.691609590433826,1.7455400971466272e+17,1.83241954102414,0.008440077046892095,0.013817922464701942,183.24195410241398,0.002029325672507905,416.47110878323355
piezoresistive_pressure,1272.1189613176439,16.293042061109407,7.6236739146811034,8.907209628668127e+19,1.5102961242128659,0.008440077046892095,0.01676507721548491,151.02961242128657,1.1598494823922831,147.69039117489226
piezoresistive_pressure,796.1814124093437,12.872968776194957,4.58396517307545,1.0927184624227795e+17,3.5733826273434874,0.008440077046892095,0.007085787832214254,357.33826273434875,0.2054418221862365,297.8929060558666
piezoresistive_pressure,911.8198121717595,14.243861180720616,7.049790349661839,3.7531719284907475e+19,1.5373323385878763,0.008440077046892095,0.016470239066156835,153.73323385878763,0.2682910199628482,251.31314071860328
piezoresistive_pressure,648.3654322144533,23.70658816474582,5.77774865118299,4.649184438208526e+18,0.4951564196325046,0.008440077046892095,0.05113582322020275,49.51564196325046,0.000308649381357083,827.2463595181056
piezoresistive_pressure,1068.4271546897673,23.890456157703237,6.481782296904138,3.344867390110617e+18,1.6544177228279313,0.008440077046892095,0.0153046179276875,165.44177228279312,0.015744866409071207,307.0012342445209
piezoresistive_pressure,771.3824510132345,32.229858942003986,7.858318045942818,1.7342227272384717e+17,0.8957291804313662,0.008440077046892095,0.02826773057508581,89.57291804313662,0.00010616012420276103,794.5558141615528
piezoresistive_pressure,822.2261882694135,22.931586656878835,5.355110412928024,3.3664946447704973e+19,0.3866875817376937,0.008440077046892095,0.06547981454923488,38.66875817376937,0.0026926518386981018,497.5732322495638
piezoresistive_pressure,969.101362842577,15.996227630460979,6.7398693949920645,1.3739565714786747e+17,4.971303564885347,0.008440077046892095,0.005093278012536787,497.13035648853474,0.17482936054079287,249.85306478534258
piezoresistive_pressure,1274.1133427089117,15.075748243063083,9.995958130485135,4.540727912882074e+19,3.284009082743244,0.008440077046892095,0.007710158681877164,328.4009082743244,1.942797628891308,136.22859041599045
piezoresistive_pressure,731.546708479937,26.375656552643232,8.945460674177156,3.1443574048946532e+19,0.39733882214464145,0.008440077046892095,0.06372453364614615,39.733882214464145,0.000345276634722876,722.9773172371283
piezoresistive_pressure,774.3994694655887,33.60959437916098,4.153791768028984,9.376520418609118e+19,0.07191887942235997,0.008440077046892095,0.35206654141505,7.191887942235997,7.832247783471688e-05,822.1265840622211
piezoresistive_pressure,853.3464378507252,23.307525030957652,2.980323552034876,7.288713358558404e+19,0.15341924039897245,0.008440077046892095,0.16503947663167984,15.341924039897245,0.0031822064145359606,469.51655877819513
piezoresistive_pressure,1160.8793387368023,44.58696291080904,6.964717463174499,5.894772373244664e+18,0.4963261936083044,0.008440077046892095,0.051015302973630196,49.63261936083044,0.0002082084291546178,485.33235131744186
piezoresistive_pressure,617.6972163563698,18.309966829160548,9.570617856785653,3.600890727150977e+18,1.3586740059959193,0.008440077046892095,0.018635987020386355,135.86740059959192,0.0016538143233036692,703.9499511769341
piezoresistive_pressure,807.5392121529262,21.394712943748573,9.731795830109498,4.231130765125964e+19,0.7058113892844643,0.008440077046892095,0.03587393392212807,70.58113892844644,0.004059771580940653,481.2655092165771
piezoresistive_pressure,1390.48335986699,21.840974386511107,6.571210928790361,9.125533017773312e+19,0.8780280409259564,0.008440077046892095,0.028837611056218564,87.80280409259564,0.25713334361222717,165.7089371021631
piezoresistive_pressure,617.1786647225247,28.14396829495729,3.479940216312491,1.9190353354811133e+17,0.33075448305717364,0.008440077046892095,0.07655294920462037,33.075448305717366,5.273248657362677e-05,1083.8496404735138
piezoresistive_pressure,1323.2774466322014,16.434126075406915,7.080229759663708,3.3418321562302267e+19,2.462555724671995,0.008440077046892095,0.010282094690080106,246.2555724671995,1.4268501232954536,137.67348533298264
piezoresistive_pressure,945.7260437845343,13.036385075706571,7.272308338184223,3.3659664252878147e+18,4.768425244190072,0.008440077046892095,0.005309977580444796,476.84252441900725,0.6889396454234985,213.81196088236874
piezoresistive_pressure,987.1037267378674,31.515857228554104,2.325608846673051,4.685973841459934e+18,0.2606676359445363,0.008440077046892095,0.0971360754047112,26.06676359445363,0.0009130483686738043,474.47032495142724
piezoresistive_pressure,762.1236417179857,12.030616904466266,8.046109841908248,2.2478542375839638e+19,2.097115997515898,0.008440077046892095,0.012073834337570703,209.7115997515898,0.2474425915460197,303.83831826972425
piezoresistive_pressure,872.2965110873117,19.947314339581656,8.07715652744601,4.465405741747389e+17,2.878554720555624,0.008440077046892095,0.00879616112900884,287.8554720555624,0.013163176671547398,384.557844371136
piezoresistive_pressure,1099.158690213294,33.39171682126536,3.519272072389354,9.080444997669156e+17,0.6749988297694879,0.008440077046892095,0.037511518574518336,67.49988297694878,0.0013588519103354295,405.43708145800855
piezoresistive_pressure,1202.7186023213371,29.541230393550816,9.185358981799492,9.975191391262102e+17,2.675601070083708,0.008440077046892095,0.00946338055541446,267.5601070083708,0.007435919194846018,299.575323759973
piezoresistive_pressure,1054.0298454643557,27.64501174511077,4.7058730235079835,4.98108636770284e+17,1.2653108578957353,0.008440077046892095,0.020011075525570757,126.53108578957352,0.004400620094744623,365.0198448034135
piezoresistive_pressure,636.7882409705826,23.818440012660155,9.141486877740135,5.86629025200896e+19,0.283568815794328,0.008440077046892095,0.08929131036411636,28.3568815794328,0.00025734500202269264,861.6457652187647
piezoresistive_pressure,1159.1844103084197,21.795961386084368,4.1616270174005745,1.6326122131553245e+17,2.347108877962392,0.008440077046892095,0.010787838339505439,234.7108877962392,0.06258902490278533,237.9449436133239
piezoresistive_pressure,689.4227524478628,34.917312163204045,8.040862065811712,5.157428064762928e+19,0.1453264702270125,0.008440077046892095,0.17423000160345115,14.532647022701251,2.277371299718463e-05,1077.6434550840304
piezoresistive_pressure,982.7252019179704,29.326725113156403,7.665007463349219,7.72922736120543e+18,0.8119470628516928,0.008440077046892095,0.031184583699025194,81.19470628516929,0.0015672389328839143,445.45608431983527
piezoresistive_pressure,770.6801934206904,19.374222446289057,3.4673434692069174,7.183383021721934e+18,0.5334934382723667,0.008440077046892095,0.04746118569456413,53.34934382723667,0.006176216662661676,478.4994031713118
piezoresistive_pressure,940.7488233170989,30.79967314430874,6.116896398533956,2.10684411900158e+18,0.8336140808325126,0.008440077046892095,0.030374044444390274,83.36140808325126,0.0007468864236096861,510.5100006422307
piezoresistive_pressure,840.3983026181985,23.158436402430503,4.851622270106236,1.6159759423421228e+18,1.0006786021420784,0.008440077046892095,0.025303060429667575,100.06786021420784,0.0029642478972308106,480.99926692791365
piezoresistive_pressure,946.8291341817932,16.599425423577017,4.762921963440075,1.0039449567026969e+19,1.2972007525329934,0.008440077046892095,0.01951913078313781,129.72007525329934,0.10890451492267378,271.615996687972
piezoresistive_pressure,966.6972999956495,41.645758149087946,9.542776124101799,1.6705630737372568e+19,0.37167994675477867,0.008440077046892095,0.06812374829945206,37.167994675477864,8.31055069551777e-05,653.7252736303793
piezoresistive_pressure,634.9735142756854,23.409781694291468,4.286660247586331,5.045979929415706e+19,0.14779700649076621,0.008440077046892095,0.17131761827840672,14.779700649076622,0.00028888576307660837,851.7098239878093
piezoresistive_pressure,796.4440990714679,31.94507292551206,4.970832031270121,6.555778351938267e+17,0.5603151253656974,0.008440077046892095,0.045189269385063784,56.031512536569736,0.00014719043637435124,738.7522219951178
piezoresistive_pressure,712.7421774790665,22.75956625140702,8.280393328038599,3.870741314945715e+17,1.5293463797440223,0.008440077046892095,0.016556243553480877,152.93463797440222,0.000911952751037177,657.2106251365562
piezoresistive_pressure,828.1137718633712,39.303232385965025,7.794318946549257,3.179690763777243e+17,0.6607044509867006,0.008440077046892095,0.038323082435516936,66.07044509867006,3.829732210301342e-05,840.7246262688077
piezoresistive_pressure,1109.6602942994973,27.42404921804532,5.527732399855331,4.917948878109426e+17,1.6753651756955417,0.008440077046892095,0.015113260982140435,167.53651756955418,0.007078468015481347,326.7059175280279
piezoresistive_pressure,1469.23246061648,22.87939128796439,7.2597255212032685,1.445063605095786e+18,4.78049293877284,0.008440077046892095,0.005296573274967755,478.04929387728396,0.2748772913390356,155.4780016309835
piezoresistive_pressure,611.8719517470253,15.922808645201014,9.636558896604893,4.2684785660977326e+18,1.6785300305978352,0.008440077046892095,0.015084765049844287,167.85300305978353,0.004685279496830853,623.8843604095492
piezoresistive_pressure,672.9418330948059,13.70101615816563,3.659972293485586,1.5471589077001375e+18,1.3968415763218502,0.008440077046892095,0.018126773694229,139.68415763218502,0.03324831231926136,443.81629015502807
piezoresistive_pressure,789.4772896000047,44.63126400718087,4.027239192070658,1.3167813340657262e+18,0.2076502960798498,0.008440077046892095,0.12193688917707898,20.76502960798498,9.451044147456868e-06,1050.425891256482
piezoresistive_pressure,751.6139131367394,28.8595713078121,8.994384806243389,4.714378778883774e+19,0.2954360740693324,0.008440077046892095,0.08570460198687238,29.54360740693324,0.00020869124725425323,749.3863326943587
piezoresistive_pressure,609.4219624059831,31.303336786329808,5.974171062945576,9.764642615461914e+19,0.07173407344748285,0.008440077046892095,0.35297355808482633,7.173407344748285,2.0346760424676702e-05,1236.4027009841348
piezoresistive_pressure,877.963501660509,15.784859472248312,2.6227736963537684,2.255398315470912e+18,1.1600129539937163,0.008440077046892095,0.02182754171279146,116.00129539937163,0.08925586575964674,300.3954221176847
piezoresistive_pressure,923.9774561930368,12.640155108158222,9.554959540994487,3.5056726538727286e+18,6.271879334615932,0.008440077046892095,0.004037104317509452,627.1879334615932,0.72813036047704,217.1876703782501
piezoresistive_pressure,1478.0809655644562,33.96492079018755,2.171224857412625,6.725706886031248e+19,0.16545802530146572,0.008440077046892095,0.1530311454796021,16.545802530146574,0.012661721257285851,228.05503843974935
piezoresistive_pressure,880.7347342725025,33.73660174716851,7.3083301740555315,4.698541026682726e+19,0.24159134515225886,0.008440077046892095,0.104806035682771,24.159134515225887,0.00021272319246599302,637.9940079185367
piezoresistive_pressure,1446.3369136984934,18.320624619074117,3.333404460551278,1.2277591907390528e+18,3.336688680839979,0.008440077046892095,0.007588430795498177,333.6688680839979,1.2505067368827405,128.47151612003213
piezoresistive_pressure,922.0773107561822,17.010682680812835,3.0011131902313304,5.298398291716405e+17,1.6203047368315893,0.008440077046892095,0.01562683275874914,162.03047368315893,0.07278871563020786,293.48951196257053
piezoresistive_pressure,901.166683962172,38.20581404000709,8.796567831167303,1.591807892025763e+17,0.97940766684,0.008440077046892095,0.025852596419191295,97.940766684,9.44662444086883e-05,690.1201633997763
piezoresistive_pressure,1088.3045249135685,23.407067754522068,3.3266311720472403,2.700546544464521e+19,0.44010642522127796,0.008440077046892095,0.057532064268195376,44.010642522127796,0.021472091330908497,289.90229706585166
piezoresistive_pressure,655.7885957053963,37.684544636473476,3.997954611888968,3.230135619758859e+17,0.23092436640518396,0.008440077046892095,0.10964729073349047,23.092436640518397,8.292413034416639e-06,1285.4081997084634
piezoresistive_pressure,1024.7128889063717,14.05630431724045,5.131016080730236,2.1155310051183334e+17,5.230470524336137,0.008440077046892095,0.0048409088671597066,523.0470524336137,0.7139193076832168,196.36870107092756
piezoresistive_pressure,864.4546176947916,17.1806453194207,2.5316749288767104,5.203696188029279e+19,0.2954534369362294,0.008440077046892095,0.08569956539764809,29.54534369362294,0.040289264044139086,337.2567023500604
piezoresistive_pressure,650.4523008456354,21.473871307568107,4.868476759085006,1.5177952735074294e+17,0.8967321899246545,0.008440077046892095,0.02823611266012849,89.67321899246545,0.000698678823724687,744.5347139877532
piezoresistive_pressure,675.8781153016874,20.89375504424114,9.04375148121906,2.3217846640206905e+19,0.6124169374240502,0.008440077046892095,0.041344759743547115,61.241693742405026,0.0011820181360390834,670.9424096197828
piezoresistive_pressure,1075.9561683033212,18.763994034893898,8.288089796938515,5.573816893747817e+18,2.9151286867874484,0.008440077046892095,0.008685802193034529,291.51286867874484,0.113528469774593,237.761559651549
piezoresistive_pressure,775.2867202681014,17.141228099387973,7.297853342581977,8.624051677742673e+19,0.5153347648852343,0.008440077046892095,0.049133559126978615,51.53347648852343,0.017228737084406354,418.3336096766265
piezoresistive_pressure,1180.095265213751,15.313134531424657,8.142666063504338,2.0410743918261536e+17,9.185977433412232,0.008440077046892095,0.0027564003204034442,918.5977433412231,1.0599775642608789,161.30041182863553
piezoresistive_pressure,849.4503688109744,25.542957104082543,3.9404231550083413,1.9299540494418543e+19,0.30053630821682076,0.008440077046892095,0.08425015696409334,30.053630821682077,0.0014747791296953288,519.2788921478439
piezoresistive_pressure,722.6378950729513,16.74796156750281,2.2219090071002134,9.656797906672415e+17,0.7286191031372012,0.008440077046892095,0.034750984474131205,72.86191031372013,0.011826870308531046,470.4635759146223
piezoresistive_pressure,1386.7932739586752,43.3648706928493,9.659259805189151,7.409093847231046e+17,1.7753065640126469,0.008440077046892095,0.01426245565354419,177.53065640126468,0.0010784607625690243,330.7654327382392
piezoresistive_pressure,1232.3713408629237,42.562021726833,5.587242589959301,3.5973584854236963e+19,0.2559685051636886,0.008440077046892095,0.09891932261152332,25.596850516368857,0.0004870836497417897,411.0972606421154
piezoresistive_pressure,1091.0018243562276,42.36977679281023,8.211155402243147,4.400116425050304e+17,1.0160868784035024,0.008440077046892095,0.02491935648304009,101.60868784035024,0.00019055493341164708,522.168580807684
piezoresistive_pressure,600.6737355021438,31.74280824015835,2.6658381975878314,1.5569446153965363e+17,0.19131874161893153,0.008440077046892095,0.13234579595505125,19.131874161893155,1.6211460601363583e-05,1290.5462521567797
piezoresistive_pressure,1295.4137638141751,20.38411040461333,5.8131072522348175,2.1358928130158467e+17,4.569735623220746,0.008440077046892095,0.00554085251934785,456.9735623220746,0.2535995784355319,178.18874236484305
piezoresistive_pressure,785.3124738767544,37.77885230525155,9.403059883771128,3.2383514018709103e+19,0.23185499097770335,0.008440077046892095,0.10920718606877537,23.185499097770336,3.437356787987044e-05,898.6059349188355
piezoresistive_pressure,898.54263254088,18.094907274630163,6.150341871374222,3.446250945460202e+18,1.916161330325908,0.008440077046892095,0.013214039308668088,191.6161330325908,0.03627908374695283,328.7641854588221
piezoresistive_pressure,1174.0182808688196,16.394053370636517,2.7767296636276937,2.7521075242810035e+18,1.8897683379792067,0.008440077046892095,0.013398589992121504,188.97683379792068,0.6266008098167923,174.47858870058755
piezoresistive_pressure,1248.4988928023795,44.69809454883572,3.102646827214018,1.8222567188524383e+18,0.36758398245510293,0.008440077046892095,0.06888284677575396,36.75839824551029,0.0003652994394987739,420.64739211346944
piezoresistive_pressure,826.3175042256673,15.734235756580569,8.41764326954011,9.931868157041396e+18,1.9550530323721471,0.008440077046892095,0.012951173559703492,195.50530323721472,0.056629047427947006,338.031569477498
piezoresistive_pressure,1258.9571304803255,35.51749832024303,6.598283806769436,3.6922649140224067e+18,1.025816744682802,0.008440077046892095,0.02468299652147488,102.5816744682802,0.002456318698166665,328.7199019808846
piezoresistive_pressure,1201.6990660866566,43.8612648936007,2.042870615309627,1.8903794722181075e+19,0.1064869563167105,0.008440077046892095,0.23777777125462737,10.64869563167105,0.0003130223570661523,445.5487387788488
piezoresistive_pressure,1008.5938181501231,38.23222284713552,6.0422743510685875,5.375840963267916e+17,0.7736297783172367,0.008440077046892095,0.03272913200904917,77.36297783172367,0.00023129033476385757,551.3183643574059
piezoresistive_pressure,724.0558198130699,25.81789334522796,7.897731961447836,3.16207941335665e+18,0.8069867851394943,0.008440077046892095,0.031376264899182306,80.69867851394943,0.0003772811235093086,722.407454981209
piezoresistive_pressure,709.4326466953563,26.16570347155667,3.5581114916126206,1.1976357793447194e+18,0.440894263309781,0.008440077046892095,0.05742925968371195,44.0894263309781,0.00028793221371868426,762.6329923880756
piezoresistive_pressure,1163.0820554722832,40.19452204722225,5.926073253957776,5.611324536938581e+19,0.22041292119225833,0.008440077046892095,0.11487634664843606,22.041292119225833,0.0004846150041286807,435.8646745637652
piezoresistive_pressure,826.907949895984,14.513608958101107,3.62580875087712,4.135363747723599e+17,2.198843553864111,0.008440077046892095,0.011515249048155374,219.8843553864111,0.10792644815718087,311.36270899663674
piezoresistive_pressure,646.2980417734642,12.3653356959491,7.501737840238277,2.962300749865731e+17,3.925639859688168,0.008440077046892095,0.006449962820249026,392.56398596881684,0.05452120549835732,434.2559173872645
piezoresistive_pressure,669.3929881114794,19.72976872431289,4.400433063124364,3.021139366256122e+18,0.6672397706396029,0.008440077046892095,0.0379477247233102,66.72397706396029,0.0017308162500648846,645.8998605936315
piezoresistive_pressure,704.6226096370988,15.97562722000209,2.7519334346152844,1.2898916906862807e+19,0.4186368085100724,0.008440077046892095,0.060482572544901005,41.86368085100724,0.014094801485575103,472.0090036927943
piezoresistive_pressure,1017.9127746950633,31.35463078824251,6.518235695485372,7.87079983685181e+18,0.6431198727792505,0.008440077046892095,0.039370935672154855,64.31198727792506,0.0012164046627490975,443.9009512616471
piezoresistive_pressure,676.2656231741253,34.70048606133525,4.08409745904431,9.768101655132703e+17,0.2730875625633132,0.008440077046892095,0.09271836074484714,27.308756256331318,2.0517741182824574e-05,1113.028921621493
piezoresistive_pressure,1100.2373396004198,37.97020548039598,3.750607051623094,1.346349523306612e+19,0.24326057853519026,0.008440077046892095,0.10408686558727986,24.326057853519025,0.0004900000406134035,460.12486359775346
piezoresistive_pressure,1413.963272437314,31.23852695203984,5.3921646437406325,6.095196342266314e+18,1.1460341029718362,0.008440077046892095,0.0220937850584177,114.60341029718361,0.01733264571032718,229.20273885647438
piezoresistive_pressure,670.8996366378454,22.345744803753743,9.251794789729587,2.4376863562618642e+19,0.5303583648558462,0.008440077046892095,0.04774173996022187,53.03583648558462,0.0006509403942632214,728.257951816446
piezoresistive_pressure,1166.531537772205,17.69648964237364,2.822529865547335,1.8640945825918272e+18,1.8316016550466567,0.008440077046892095,0.013824092739221345,183.16016550466568,0.3360888378343931,190.76542786056882
piezoresistive_pressure,673.6414956407283,14.983611989943597,8.03300171014008,9.868855362473194e+17,2.854866075025519,0.008440077046892095,0.008869148490774635,285.4866075025519,0.016422333532229397,484.35564914018516
piezoresistive_pressure,1237.018436120062,21.041616171627375,3.0051033933663245,2.325335297518163e+17,2.0174765020694463,0.008440077046892095,0.012550446617199165,201.74765020694463,0.13813526148089844,201.7122453344333
piezoresistive_pressure,1486.6101114426524,22.382364861906677,8.396630509952097,4.287121071421035e+17,6.847488012890942,0.008440077046892095,0.003697740119151568,684.7488012890942,0.3560672601261908,148.5652780973444
piezoresistive_pressure,711.8732838094668,26.66775518672263,6.767794337557375,1.6583442914654999e+19,0.3494180816060383,0.008440077046892095,0.07246399792562631,34.941808160603834,0.0002542096470158459,771.9454020795818
piezoresistive_pressure,880.1322124719305,16.145200783443638,3.0490597679684606,5.628195776568093e+17,1.6575200277058604,0.008440077046892095,0.015275972970125435,165.75200277058605,0.07612772040840524,305.74061285689015
piezoresistive_pressure,963.4719964174801,27.184998831435795,6.178043058189319,5.614670260238118e+18,0.8307643629468955,0.008440077046892095,0.030478234587314402,83.07643629468954,0.002453660663953939,429.5924500040607
piezoresistive_pressure,1085.2847229813917,19.9792915345674,2.5633608149694393,1.4177369038003212e+19,0.5739638754214098,0.008440077046892095,0.04411467729059765,57.39638754214098,0.0740180092806662,248.82740977906278
piezoresistive_pressure,913.4249702027867,34.31813566339924,8.93075004537496,1.9629703101869296e+17,1.2485502284361738,0.008440077046892095,0.020279705665017755,124.85502284361738,0.00024834534751489194,603.3696226896595
piezoresistive_pressure,883.414456067909,18.39147414880935,7.687693875633296,4.2596237998538015e+19,0.899561806727033,0.008440077046892095,0.028147294550889674,89.9561806727033,0.027839764368305167,345.69496300190053
piezoresistive_pressure,721.7148509695393,20.110455549251956,4.840629074709874,2.269767071108134e+18,0.8921462415945242,0.008440077046892095,0.02838125630100922,89.21462415945241,0.002711885622660879,566.3646496503084
piezoresistive_pressure,905.5874654363055,23.3648757972175,3.7386742499682306,2.5029679381364027e+19,0.35370365148208943,0.008440077046892095,0.07158600436998437,35.37036514820894,0.005017933613533323,417.93446375395047
piezoresistive_pressure,816.0645084569724,29.382568297746513,5.086945190875825,1.0130606291712184e+17,0.8088025419371837,0.008440077046892095,0.03130582537491926,80.88025419371837,0.000349087749078344,647.2115927611233
piezoresistive_pressure,715.6337978136221,13.350274981607594,3.7732874512263432,6.41321720652658e+17,1.9652264344829526,0.008440077046892095,0.01288412912445786,196.52264344829527,0.06662832234321477,382.39661469081585
piezoresistive_pressure,620.7076166732818,23.57842664433249,5.93656145904037,2.5903844551230093e+17,0.7967547242160531,0.008440077046892095,0.031779204278442774,79.6754724216053,0.00022742683295559073,897.7309263092361
piezoresistive_pressure,1223.6220006160684,14.077025937433934,4.480365383392371,4.1047147302356895e+18,3.7207050777898276,0.008440077046892095,0.00680522390549616,372.07050777898274,2.298943204777121,137.91829224546998
piezoresistive_pressure,950.460784640548,24.78132619734373,6.817009859817901,1.1352551013901486e+17,2.0515205179482066,0.008440077046892095,0.012342177872049696,205.15205179482066,0.004614130648646445,402.4034102963591
piezoresistive_pressure,1215.472851236719,14.754000092876282,9.972367558571268,6.928355225542784e+17,11.537815105940487,0.008440077046892095,0.002194542979601019,1153.7815105940488,1.6553928043404085,146.49566383565548
piezoresistive_pressure,687.1386773836119,34.114989796143576,2.4432200701525106,6.33179670176201e+19,0.041276487750030996,0.008440077046892095,0.6134298851688822,4.1276487750031,2.670965984558056e-05,1059.8928697000695
piezoresistive_pressure,625.1745368570437,38.09487289218757,6.170098992110339,9.448579364601792e+19,0.0539021813158386,0.008440077046892095,0.4697440905464098,5.39021813158386,5.187455855966014e-06,1429.7808658099361
piezoresistive_pressure,1427.7162426326836,24.531445589575696,5.337212881781758,3.500352967855869e+17,3.4150817462092924,0.008440077046892095,0.00741423866903962,341.50817462092925,0.12761060832096294,176.54070410569457
piezoresistive_pressure,998.499515805531,14.647376439651971,8.524516744692686,2.6767032085402102e+17,7.5484447027509525,0.008440077046892095,0.0033543639965261437,754.8444702750952,0.43382187696442776,215.51109817836152
piezoresistive_pressure,647.1874737415501,31.879088791522754,7.1509658664878994,6.819554512779014e+17,0.532917377149956,0.008440077046892095,0.04751248922692101,53.291737714995605,2.8449110744826068e-05,1116.4806676300248
piezoresistive_pressure,1245.695042777544,34.67553603457518,6.050802847734888,5.7139367395669216e+17,1.430213123588664,0.008440077046892095,0.017703816810982154,143.0213123588664,0.0027341897223695922,327.7971890295982
piezoresistive_pressure,1093.6621784494375,12.345083839657464,2.680805751673261,3.6048061852764705e+19,1.0442683655011555,0.008440077046892095,0.024246862183290245,104.42683655011555,2.5631614611927955,151.4025434177246
piezoresistive_pressure,1324.8639719773378,21.090267916789315,3.840048590167747,3.84282151032746e+19,0.7991715066888067,0.008440077046892095,0.03168310047186887,79.91715066888067,0.2318450615675541,176.25645477709708
piezoresistive_pressure,1283.5382130320113,18.684591808891426,4.106226916091092,5.34774085781021e+17,3.5138837966787757,0.008440077046892095,0.007205767921127117,351.3883796678776,0.45969813986336355,166.3686616031519
piezoresistive_pressure,810.0375330907478,27.018229880186475,8.601735998964035,2.3155773524106245e+18,1.100365948541763,0.008440077046892095,0.023010736722843334,110.0365948541763,0.000643614567106293,604.0211164784996
piezoresistive_pressure,629.5222805163776,37.78794735731985,4.05041015037248,1.9865570127971054e+18,0.16684194299517405,0.008440077046892095,0.15176178535279153,16.684194299517404,5.849769976803294e-06,1398.7387434981226
piezoresistive_pressure,976.110539782038,28.610726588867934,5.6892381882376375,1.0067860858974083e+17,1.3654133195226013,0.008440077046892095,0.01854400479228456,136.54133195226012,0.0018093978583771718,440.4903481723277
piezoresistive_pressure,843.1187847653049,34.010417173940525,3.3484987224094214,7.425735288688616e+18,0.1974148915510627,0.008440077046892095,0.12825897247030646,19.74148915510627,0.0001406316589958229,701.8429503605731
piezoresistive_pressure,1201.0841571837716,18.591587083131433,7.803708807492888,5.928388959541234e+17,5.895463494726396,0.008440077046892095,0.004294866919848747,589.5463494726396,0.2879140884967472,189.04931246636332
piezoresistive_pressure,1046.3542014543023,16.6879339217334,6.034244770314115,4.089044967203545e+19,1.2176191562319916,0.008440077046892095,0.020794869242228026,121.76191562319916,0.228501196302227,223.58910652776476
piezoresistive_pressure,813.2507225739683,25.28364278700411,6.446722542902808,4.754927164026279e+17,1.237892224092125,0.008440077046892095,0.02045430987277284,123.78922240921251,0.0011295112366125144,560.7848137415237
piezoresistive_pressure,628.0904116437245,40.33077578866674,8.177922970383039,1.198029030354112e+17,0.4044092787244021,0.008440077046892095,0.06261041096915974,40.440927872440206,3.4116242945346416e-06,1499.6771105447874
piezoresistive_pressure,1449.3052229836703,35.363010214741465,7.547791041087584,1.3742312617707356e+18,2.0670730013992964,0.008440077046892095,0.012249316363542003,206.70730013992963,0.007839944485155933,246.96478202304235
piezoresistive_pressure,1233.8057662057872,15.385348594089091,8.56116231311715,1.4227950548699109e+17,10.584259207550268,0.008440077046892095,0.0023922535006147745,1058.4259207550267,1.3889992862232774,148.2583845213546
piezoresistive_pressure,1002.5901599038085,25.520621370385804,4.113192796959037,1.69401554156565e+18,0.982261457625826,0.008440077046892095,0.025777486171427843,98.22614576258259,0.005590032105851355,372.43448125034803
piezoresistive_pressure,622.0243665960601,40.44730173015201,8.382831621815335,1.0796697627763082e+17,0.40697078625151506,0.008440077046892095,0.06221633590433673,40.697078625151505,3.0847449403585353e-06,1533.4876174094302
piezoresistive_pressure,1253.6789956516172,19.935791739846955,5.503839939199647,1.343281306026002e+18,3.543046527626635,0.008440077046892095,0.00714645741828218,354.3046527626635,0.23377321400739803,186.06569213316433
piezoresistive_pressure,1225.513437756651,15.867868079467272,4.011955028995763,1.208835338010578e+17,4.7035623179003885,0.008440077046892095,0.005383203076594703,470.35623179003886,1.0761147850193085,154.9843834460099
piezoresistive_pressure,719.1696958284944,38.374972299679214,5.267692337033184,1.2437275374874086e+18,0.30907075154023184,0.008440077046892095,0.08192373757301438,30.907075154023183,1.500176187046826e-05,1088.405759241045
piezoresistive_pressure,736.5582074363163,39.085309286343616,6.734772499082573,4.882471104039355e+19,0.11389592678898669,0.008440077046892095,0.2223102428200677,11.38959267889867,1.568281284617584e-05,1056.8294830075015
piezoresistive_pressure,1195.8080012475787,29.876882717816876,7.771500942677742,1.084169158121218e+18,2.147435247897235,0.008440077046892095,0.011790917172226642,214.7435247897235,0.006488058009486668,306.4911130321499
piezoresistive_pressure,1084.2404970492091,44.508021773681236,8.898102018686153,9.100355019404463e+18,0.4638368009730386,0.008440077046892095,0.05458866370145579,46.38368009730386,0.0001222836402358099,555.3829679751315
piezoresistive_pressure,838.6178541732339,25.384803395870517,2.5929128976518454,8.075610160921893e+17,0.5053306573730028,0.008440077046892095,0.050106263634004125,50.53306573730028,0.0013986822303113096,529.4818890028736
piezoresistive_pressure,1434.8586427860537,26.26930064611825,2.3903374952391716,8.591037504958918e+18,0.6412222327537863,0.008440077046892095,0.039487450445902794,64.12222327537863,0.07732554420451197,187.16980545244505
piezoresistive_pressure,1056.72162689467,14.146157050026707,9.165538003608605,7.9248327371053e+19,1.81409520298292,0.008440077046892095,0.013957498536483743,181.409520298292,0.8511328332311259,185.83298276683706
piezoresistive_pressure,721.3148461268445,37.34936668039131,8.449067994967361,2.587718838041246e+17,0.6103384071240682,0.008440077046892095,0.04148556087103535,61.033840712406814,1.90813296499537e-05,1053.025805541014
piezoresistive_pressure,943.3873588989135,28.323319123416027,8.316374796490571,1.5294403013542005e+19,0.6856279357198265,0.008440077046892095,0.03692998756547617,68.56279357198265,0.0014933392996207843,466.84160618944486
piezoresistive_pressure,684.2688030253616,12.767219978617314,4.060791032013712,3.7590278866109037e+17,2.1967923202960273,0.008440077046892095,0.01152600130050722,219.67923202960273,0.06654293097244796,399.98930101214245
piezoresistive_pressure,605.8363081708728,24.608110948793506,9.919227574736773,8.543400670971727e+17,1.0691419661770283,0.008440077046892095,0.023682758643564242,106.91419661770283,0.00013307156051516392,983.4973533799819
piezoresistive_pressure,1394.0999871539889,38.88791719226043,4.566562508090435,2.7007241115188347e+18,0.7992300176440865,0.008440077046892095,0.03168078097881442,79.92300176440865,0.0026887891177742444,293.5163856637001
piezoresistive_pressure,745.0558978072539,18.563423568388075,4.657024010943448,4.1620852723465855e+19,0.38470881580969296,0.008440077046892095,0.06581661272145542,38.4708815809693,0.006633508293570032,490.55293047070654
piezoresistive_pressure,845.5135888323188,38.13497444753793,7.9707276279002555,7.768421292668225e+17,0.7017253502092687,0.008440077046892095,0.03608282233658123,70.17253502092687,5.757718888557013e-05,782.5062050759841
piezoresistive_pressure,694.8141962154178,42.49896943508296,3.22438996883265,2.1053831563613613e+17,0.16927827446627103,0.008440077046892095,0.14957755932065211,16.927827446627102,5.03267264748731e-06,1291.3576702911637
piezoresistive_pressure,707.3088140885178,42.810545907617815,5.308766738440547,2.629063850794955e+18,0.19891641299311355,0.008440077046892095,0.12729080903722542,19.891641299311356,5.4744792977987195e-06,1255.2728618903523
piezoresistive_pressure,732.7321551566985,21.34305834915866,5.938064711411322,6.372062660088531e+19,0.2904125520480472,0.008440077046892095,0.08718711006846283,29.041255204804724,0.0019022895663053886,583.1384319657582
piezoresistive_pressure,1223.8289528663447,28.80172319333879,8.672370330776284,2.342447433749704e+17,3.0523309413115456,0.008440077046892095,0.008295375445034975,305.23309413115453,0.010463950818663956,282.08665403978216
piezoresistive_pressure,1249.1763706804384,17.31996663028979,4.556584899751096,2.290942628906115e+17,4.530243769819274,0.008440077046892095,0.005589154232573757,453.0243769819274,0.6601904498937328,162.81898529866368
piezoresistive_pressure,653.5706928107772,26.447250090831087,5.570098631029646,4.255094411685958e+17,0.6363692509250786,0.008440077046892095,0.039788583599645516,63.63692509250786,0.00013714034181027462,908.2405693472086
piezoresistive_pressure,1483.1039348644456,23.653991474203565,8.193903911791942,1.7781568663459166e+19,2.2657955378898955,0.008440077046892095,0.011174984996332312,226.57955378898956,0.22846444485755232,157.74905841764803
piezoresistive_pressure,997.3221868904632,12.492763293988002,5.00736134530487,5.766197712665147e+17,5.578542396816101,0.008440077046892095,0.004538861469463342,557.8542396816101,1.3478665352993056,184.24387707239998
piezoresistive_pressure,1411.0521411259754,44.01358454397195,3.90666811639959,7.353585226421777e+17,0.7220081274406119,0.008440077046892095,0.03506917744878014,72.2008127440612,0.0011001814487349134,324.2695206593637
piezoresistive_pressure,726.1954241475304,16.53455617022347,9.771934140900232,1.8819634059503354e+17,3.728799762000414,0.008440077046892095,0.0067904507500538384,372.87997620004137,0.013626498357188937,459.9292601813567
piezoresistive_pressure,900.6391104098157,34.534670665742105,8.676466713832928,9.323720906399137e+17,1.0425451663294212,0.008440077046892095,0.024286939269809682,104.25451663294211,0.00021097378357763107,624.5385176377509
piezoresistive_pressure,1001.7558502959536,14.290552322968505,7.582762643457113,1.0298203158284032e+17,7.540381175326386,0.008440077046892095,0.003357951083896007,754.0381175326386,0.5349212089559443,208.89630280345602
piezoresistive_pressure,954.0978004600818,20.22524351105635,5.184723095991721,4.333862803265685e+17,2.154044144020165,0.008440077046892095,0.011754741058101198,215.4044144020165,0.024104002776127443,325.9218553509385
piezoresistive_pressure,1381.3025481995999,35.47121237545317,9.424225070239677,1.499959479370967e+17,2.87083670514495,0.008440077046892095,0.008819808906336891,287.083670514495,0.0052105158740729665,272.71179415508897
