design_id,sensor,level,direction,repeat,x_nominal,x_applied,T_C,y,y_ideal,p_radius_um,p_lam_nm,p_n_res,p_eta_mode,p_eta,p_q_factor,p_snr,p_n_pts,p_dndT,p_alpha
toroid_1,wgm_microtoroid,0,up,1,0.0,-2.2066768981310646e-06,25.02375918209743,0.12174106339812707,0.0,20.0,1550.0,1.45,auto (scaling law),0.05,1000000.0,100.0,20.0,1.2,0.55
toroid_1,wgm_microtoroid,0,up,2,0.0,-1.4500492804888798e-06,24.97746157009588,-0.27764325775497434,0.0,20.0,1550.0,1.45,auto (scaling law),0.05,1000000.0,100.0,20.0,1.2,0.55
toroid_1,wgm_microtoroid,0,up,3,0.0,-1.5636105146361137e-06,24.962253385908813,-0.4183751543695699,0.0,20.0,1550.0,1.45,auto (scaling law),0.05,1000000.0,100.0,20.0,1.2,0.55
toroid_1,wgm_microtoroid,0,up,4,0.0,5.339517127887851e-07,24.959259294633046,-0.35089414206827163,0.0,20.0,1550.0,1.45,auto (scaling law),0.05,1000000.0,100.0,20.0,1.2,0.55
toroid_1,wgm_microtoroid,0,up,5,0.0,-4.971614588777818e-07,24.982807257110288,-0.18348400594000255,0.0,20.0,1550.0,1.45,auto (scaling law),0.05,1000000.0,100.0,20.0,1.2,0.55
toroid_1,wgm_microtoroid,0,up,6,0.0,2.529661030236997e-07,24.997430995310655,-0.015509921585031724,0.0,20.0,1550.0,1.45,auto (scaling law),0.05,1000000.0,100.0,20.0,1.2,0.55
toroid_1,wgm_microtoroid,0,up,7,0.0,1.686085141608676e-06,24.95138631613128,-0.37548608139017126,0.0,20.0,1550.0,1.45,auto (scaling law),0.05,1000000.0,100.0,20.0,1.2,0.55
toroid_1,wgm_microtoroid,0,up,8,0.0,1.7158730989515373e-06,24.94327562335215,-0.44508954704306797,0.0,20.0,1550.0,1.45,auto (scaling law),0.05,1000000.0,100.0,20.0,1.2,0.55
toroid_1,wgm_microtoroid,1,up,1,0.001,0.000999740337287177,25.00847888645439,44.60988240070993,44.54506365478037,20.0,1550.0,1.45,auto (scaling law),0.05,1000000.0,100.0,20.0,1.2,0.55
toroid_1,wgm_microtoroid,1,up,2,0.001,0.0009962608055343167,24.99120111178754,44.295287027765504,44.54506365478037,20.0,1550.0,1.45,auto (scaling law),0.05,1000000.0,100.0,20.0,1.2,0.55
toroid_1,wgm_microtoroid,1,up,3,0.001,0.0009991533017803767,25.003839993224403,44.54489455604605,44.54506365478037,20.0,1550.0,1.45,auto (scaling law),0.05,1000000.0,100.0,20.0,1.2,0.55
toroid_1,wgm_microtoroid,1,up,4,0.001,0.001002027793599596,25.07711520554978,45.34821962171549,44.54506365478037,20.0,1550.0,1.45,auto (scaling law),0.05,1000000.0,100.0,20.0,1.2,0.55
toroid_1,wgm_microtoroid,1,up,5,0.001,0.0010019674306889893,25.009184176932465,44.716078549543056,44.54506365478037,20.0,1550.0,1.45,auto (scaling law),0.05,1000000.0,100.0,20.0,1.2,0.55
toroid_1,wgm_microtoroid,1,up,6,0.001,0.0010012600839014597,25.01381669056058,44.73184880914193,44.54506365478037,20.0,1550.0,1.45,auto (scaling law),0.05,1000000.0,100.0,20.0,1.2,0.55
toroid_1,wgm_microtoroid,1,up,7,0.001,0.0009995238823897641,25.03025487435706,44.803483473370626,44.54506365478037,20.0,1550.0,1.45,auto (scaling law),0.05,1000000.0,100.0,20.0,1.2,0.55
toroid_1,wgm_microtoroid,1,up,8,0.001,0.0009963101202480945,24.98717155465632,44.25864164988205,44.54506365478037,20.0,1550.0,1.45,auto (scaling law),0.05,1000000.0,100.0,20.0,1.2,0.55
toroid_1,wgm_microtoroid,2,up,1,0.002,0.002001211757930898,24.936134988835903,88.55090355936511,89.09012730956074,20.0,1550.0,1.45,auto (scaling law),0.05,1000000.0,100.0,20.0,1.2,0.55
toroid_1,wgm_microtoroid,2,up,2,0.002,0.0019997210286431966,24.97877399134335,88.87612521087775,89.09012730956074,20.0,1550.0,1.45,auto (scaling law),0.05,1000000.0,100.0,20.0,1.2,0.55
toroid_1,wgm_microtoroid,2,up,3,0.002,0.00199734239635079,25.012458178771425,89.08585574695778,89.09012730956074,20.0,1550.0,1.45,auto (scaling law),0.05,1000000.0,100.0,20.0,1.2,0.55
toroid_1,wgm_microtoroid,2,up,4,0.002,0.002001030969691665,24.966744635819936,88.82819547267366,89.09012730956074,20.0,1550.0,1.45,auto (scaling law),0.05,1000000.0,100.0,20.0,1.2,0.55
toroid_1,wgm_microtoroid,2,up,5,0.002,0.001999310366964611,24.950164138003824,88.59712915065849,89.09012730956074,20.0,1550.0,1.45,auto (scaling law),0.05,1000000.0,100.0,20.0,1.2,0.55
toroid_1,wgm_microtoroid,2,up,6,0.002,0.0019992153147945246,24.947378845673633,88.5714045053314,89.09012730956074,20.0,1550.0,1.45,auto (scaling law),0.05,1000000.0,100.0,20.0,1.2,0.55
toroid_1,wgm_microtoroid,2,up,7,0.002,0.0020011797918331278,24.994135342306205,89.09080146612882,89.09012730956074,20.0,1550.0,1.45,auto (scaling law),0.05,1000000.0,100.0,20.0,1.2,0.55
toroid_1,wgm_microtoroid,2,up,8,0.002,0.001995615006549882,25.033750996522752,89.20460986565344,89.09012730956074,20.0,1550.0,1.45,auto (scaling law),0.05,1000000.0,100.0,20.0,1.2,0.55
toroid_1,wgm_microtoroid,3,up,1,0.003,0.002999311097184445,24.990542388134287,133.5143413942677,133.63519096434112,20.0,1550.0,1.45,auto (scaling law),0.05,1000000.0,100.0,20.0,1.2,0.55
toroid_1,wgm_microtoroid,3,up,2,0.003,0.0030011400583999453,25.025970666726497,133.9271844202096,133.63519096434112,20.0,1550.0,1.45,auto (scaling law),0.05,1000000.0,100.0,20.0,1.2,0.55
toroid_1,wgm_microtoroid,3,up,3,0.003,0.0029991415747589218,24.99375904516854,133.53774887058208,133.63519096434112,20.0,1550.0,1.45,auto (scaling law),0.05,1000000.0,100.0,20.0,1.2,0.55
toroid_1,wgm_microtoroid,3,up,4,0.003,0.0029971937112342013,24.968299189089123,133.21776822332458,133.63519096434112,20.0,1550.0,1.45,auto (scaling law),0.05,1000000.0,100.0,20.0,1.2,0.55
toroid_1,wgm_microtoroid,3,up,5,0.003,0.002999864863510378,24.94967715505355,133.16716493835867,133.63519096434112,20.0,1550.0,1.45,auto (scaling law),0.05,1000000.0,100.0,20.0,1.2,0.55
toroid_1,wgm_microtoroid,3,up,6,0.003,0.0029981915349875893,25.086053499246297,134.3488823555769,133.63519096434112,20.0,1550.0,1.45,auto (scaling law),0.05,1000000.0,100.0,20.0,1.2,0.55
toroid_1,wgm_microtoroid,3,up,7,0.003,0.0030006505601023656,25.055330430324748,134.17426817414884,133.63519096434112,20.0,1550.0,1.45,auto (scaling law),0.05,1000000.0,100.0,20.0,1.2,0.55
toroid_1,wgm_microtoroid,3,up,8,0.003,0.0029989896521870835,24.924817361779244,132.89527183748555,133.63519096434112,20.0,1550.0,1.45,auto (scaling law),0.05,1000000.0,100.0,20.0,1.2,0.55
toroid_1,wgm_microtoroid,4,up,1,0.004,0.003999827154789606,24.994667424685847,178.12461305071747,178.18025461912148,20.0,1550.0,1.45,auto (scaling law),0.05,1000000.0,100.0,20.0,1.2,0.55
toroid_1,wgm_microtoroid,4,up,2,0.004,0.004000773368517522,25.04973435758512,178.6763213598144,178.18025461912148,20.0,1550.0,1.45,auto (scaling law),0.05,1000000.0,100.0,20.0,1.2,0.55
toroid_1,wgm_microtoroid,4,up,3,0.004,0.004003469533201531,24.970181861594916,178.05846366100886,178.18025461912148,20.0,1550.0,1.45,auto (scaling law),0.05,1000000.0,100.0,20.0,1.2,0.55
toroid_1,wgm_microtoroid,4,up,4,0.004,0.004002130006225232,25.04679952127205,178.7028417140442,178.18025461912148,20.0,1550.0,1.45,auto (scaling law),0.05,1000000.0,100.0,20.0,1.2,0.55
toroid_1,wgm_microtoroid,4,up,5,0.004,0.003999601105942959,24.984665853559573,178.02437003878345,178.18025461912148,20.0,1550.0,1.45,auto (scaling law),0.05,1000000.0,100.0,20.0,1.2,0.55
toroid_1,wgm_microtoroid,4,up,6,0.004,0.004001833129371566,25.001324497739663,178.27216215828608,178.18025461912148,20.0,1550.0,1.45,auto (scaling law),0.05,1000000.0,100.0,20.0,1.2,0.55
toroid_1,wgm_microtoroid,4,up,7,0.004,0.004000234284783978,24.940442521464757,177.6458071496778,178.18025461912148,20.0,1550.0,1.45,auto (scaling law),0.05,1000000.0,100.0,20.0,1.2,0.55
toroid_1,wgm_microtoroid,4,up,8,0.004,0.003997037233833775,25.103508928845393,179.00273473437122,178.18025461912148,20.0,1550.0,1.45,auto (scaling law),0.05,1000000.0,100.0,20.0,1.2,0.55
toroid_1,wgm_microtoroid,5,up,1,0.005,0.005003249061450831,24.935268484306018,222.27244827153638,222.72531827390188,20.0,1550.0,1.45,auto (scaling law),0.05,1000000.0,100.0,20.0,1.2,0.55
toroid_1,wgm_microtoroid,5,up,2,0.005,0.004998541946420054,24.941578165707167,222.12341607222845,222.72531827390188,20.0,1550.0,1.45,auto (scaling law),0.05,1000000.0,100.0,20.0,1.2,0.55
toroid_1,wgm_microtoroid,5,up,3,0.005,0.00499647202233491,24.91589166863191,221.79151999997575,222.72531827390188,20.0,1550.0,1.45,auto (scaling law),0.05,1000000.0,100.0,20.0,1.2,0.55
toroid_1,wgm_microtoroid,5,up,4,0.005,0.005001396180990256,24.909568894401172,221.95428170535897,222.72531827390188,20.0,1550.0,1.45,auto (scaling law),0.05,1000000.0,100.0,20.0,1.2,0.55
toroid_1,wgm_microtoroid,5,up,5,0.005,0.004999863902408133,24.93573805300189,222.12375465196948,222.72531827390188,20.0,1550.0,1.45,auto (scaling law),0.05,1000000.0,100.0,20.0,1.2,0.55
toroid_1,wgm_microtoroid,5,up,6,0.005,0.004999994558670877,24.95129981740235,222.276444266059,222.72531827390188,20.0,1550.0,1.45,auto (scaling law),0.05,1000000.0,100.0,20.0,1.2,0.55
toroid_1,wgm_microtoroid,5,up,7,0.005,0.005002097415548129,24.977053243367504,222.60816824357204,222.72531827390188,20.0,1550.0,1.45,auto (scaling law),0.05,1000000.0,100.0,20.0,1.2,0.55
toroid_1,wgm_microtoroid,5,up,8,0.005,0.004998235694217516,24.939281961123605,222.0845819308267,222.72531827390188,20.0,1550.0,1.45,auto (scaling law),0.05,1000000.0,100.0,20.0,1.2,0.55
toroid_1,wgm_microtoroid,6,up,1,0.006,0.005996769516869377,24.967159246144398,266.82326860183554,267.27038192868224,20.0,1550.0,1.45,auto (scaling law),0.05,1000000.0,100.0,20.0,1.2,0.55
toroid_1,wgm_microtoroid,6,up,2,0.006,0.005999433750139127,24.972266875548907,266.9822702903199,267.27038192868224,20.0,1550.0,1.45,auto (scaling law),0.05,1000000.0,100.0,20.0,1.2,0.55
toroid_1,wgm_microtoroid,6,up,3,0.006,0.005999764593772013,24.96464710532828,266.93344532764667,267.27038192868224,20.0,1550.0,1.45,auto (scaling law),0.05,1000000.0,100.0,20.0,1.2,0.55
toroid_1,wgm_microtoroid,6,up,4,0.006,0.006002603954499816,24.988378375837016,267.2802763051471,267.27038192868224,20.0,1550.0,1.45,auto (scaling law),0.05,1000000.0,100.0,20.0,1.2,0.55
toroid_1,wgm_microtoroid,6,up,5,0.006,0.0059989148581884736,25.071967532427532,267.88233563423086,267.27038192868224,20.0,1550.0,1.45,auto (scaling law),0.05,1000000.0,100.0,20.0,1.2,0.55
toroid_1,wgm_microtoroid,6,up,6,0.006,0.006002972177361464,24.983000911855946,267.24373811918554,267.27038192868224,20.0,1550.0,1.45,auto (scaling law),0.05,1000000.0,100.0,20.0,1.2,0.55
toroid_1,wgm_microtoroid,6,up,7,0.006,0.005994918493146102,25.04940125322501,267.49690008094933,267.27038192868224,20.0,1550.0,1.45,auto (scaling law),0.05,1000000.0,100.0,20.0,1.2,0.55
toroid_1,wgm_microtoroid,6,up,8,0.006,0.0059990661548768864,24.985674264912248,267.10186135227804,267.27038192868224,20.0,1550.0,1.45,auto (scaling law),0.05,1000000.0,100.0,20.0,1.2,0.55
toroid_1,wgm_microtoroid,7,up,1,0.007,0.0069976616116891955,24.994422599232966,311.6575350654114,311.81544558346263,20.0,1550.0,1.45,auto (scaling law),0.05,1000000.0,100.0,20.0,1.2,0.55
toroid_1,wgm_microtoroid,7,up,2,0.007,0.006998172927050439,25.0024911599878,311.7522779912408,311.81544558346263,20.0,1550.0,1.45,auto (scaling law),0.05,1000000.0,100.0,20.0,1.2,0.55
toroid_1,wgm_microtoroid,7,up,3,0.007,0.00699423530370486,25.007459499466293,311.6274659966305,311.81544558346263,20.0,1550.0,1.45,auto (scaling law),0.05,1000000.0,100.0,20.0,1.2,0.55
toroid_1,wgm_microtoroid,7,up,4,0.007,0.006996474480635548,24.959259847224768,311.2808646977523,311.81544558346263,20.0,1550.0,1.45,auto (scaling law),0.05,1000000.0,100.0,20.0,1.2,0.55
toroid_1,wgm_microtoroid,7,up,5,0.007,0.006999996849635519,25.12743854880279,312.9876697504767,311.81544558346263,20.0,1550.0,1.45,auto (scaling law),0.05,1000000.0,100.0,20.0,1.2,0.55
toroid_1,wgm_microtoroid,7,up,6,0.007,0.006997061710799138,24.96178913359958,311.3259812010344,311.81544558346263,20.0,1550.0,1.45,auto (scaling law),0.05,1000000.0,100.0,20.0,1.2,0.55
toroid_1,wgm_microtoroid,7,up,7,0.007,0.00699413133091219,25.011027149864518,311.6566708003199,311.81544558346263,20.0,1550.0,1.45,auto (scaling law),0.05,1000000.0,100.0,20.0,1.2,0.55
toroid_1,wgm_microtoroid,7,up,8,0.007,0.006999004130466372,24.926553395033075,311.095142796228,311.81544558346263,20.0,1550.0,1.45,auto (scaling law),0.05,1000000.0,100.0,20.0,1.2,0.55
toroid_1,wgm_microtoroid,8,up,1,0.008,0.008001228047179657,24.915837443875485,355.63810683215775,356.36050923824297,20.0,1550.0,1.45,auto (scaling law),0.05,1000000.0,100.0,20.0,1.2,0.55
toroid_1,wgm_microtoroid,8,up,2,0.008,0.007999410143105522,25.094389109890614,357.20380724481555,356.36050923824297,20.0,1550.0,1.45,auto (scaling law),0.05,1000000.0,100.0,20.0,1.2,0.55
toroid_1,wgm_microtoroid,8,up,3,0.008,0.008000956489279334,24.954336593834437,355.9805937296948,356.36050923824297,20.0,1550.0,1.45,auto (scaling law),0.05,1000000.0,100.0,20.0,1.2,0.55
toroid_1,wgm_microtoroid,8,up,4,0.008,0.008001393627685961,25.007702812013235,356.49133550590676,356.36050923824297,20.0,1550.0,1.45,auto (scaling law),0.05,1000000.0,100.0,20.0,1.2,0.55
toroid_1,wgm_microtoroid,8,up,5,0.008,0.008000608332215267,25.023049123261814,356.599417234731,356.36050923824297,20.0,1550.0,1.45,auto (scaling law),0.05,1000000.0,100.0,20.0,1.2,0.55
toroid_1,wgm_microtoroid,8,up,6,0.008,0.008002439344181681,24.951986702720543,356.0268603429538,356.36050923824297,20.0,1550.0,1.45,auto (scaling law),0.05,1000000.0,100.0,20.0,1.2,0.55
toroid_1,wgm_microtoroid,8,up,7,0.008,0.007999297758608024,24.990229539855846,356.2399812452413,356.36050923824297,20.0,1550.0,1.45,auto (scaling law),0.05,1000000.0,100.0,20.0,1.2,0.55
toroid_1,wgm_microtoroid,8,up,8,0.008,0.008000032373332496,25.02656763876064,356.6096980835393,356.36050923824297,20.0,1550.0,1.45,auto (scaling law),0.05,1000000.0,100.0,20.0,1.2,0.55
toroid_1,wgm_microtoroid,9,up,1,0.009000000000000001,0.008999859430073552,25.031051999685644,401.17988082870755,400.90557289302336,20.0,1550.0,1.45,auto (scaling law),0.05,1000000.0,100.0,20.0,1.2,0.55
toroid_1,wgm_microtoroid,9,up,2,0.009000000000000001,0.00899874922070595,24.94684263126131,400.3625966323298,400.90557289302336,20.0,1550.0,1.45,auto (scaling law),0.05,1000000.0,100.0,20.0,1.2,0.55
toroid_1,wgm_microtoroid,9,up,3,0.009000000000000001,0.009001433273027167,24.98991514380471,400.8779744455042,400.90557289302336,20.0,1550.0,1.45,auto (scaling law),0.05,1000000.0,100.0,20.0,1.2,0.55
toroid_1,wgm_microtoroid,9,up,4,0.009000000000000001,0.009000465280401439,25.00404774950163,400.9667970830213,400.90557289302336,20.0,1550.0,1.45,auto (scaling law),0.05,1000000.0,100.0,20.0,1.2,0.55
toroid_1,wgm_microtoroid,9,up,5,0.009000000000000001,0.009001760114189749,25.080025177761495,401.71827883707056,400.90557289302336,20.0,1550.0,1.45,auto (scaling law),0.05,1000000.0,100.0,20.0,1.2,0.55
toroid_1,wgm_microtoroid,9,up,6,0.009000000000000001,0.009000155070627687,24.991692606048105,400.83635717925245,400.90557289302336,20.0,1550.0,1.45,auto (scaling law),0.05,1000000.0,100.0,20.0,1.2,0.55
toroid_1,wgm_microtoroid,9,up,7,0.009000000000000001,0.009000844641461303,25.017973297226927,401.1092350678592,400.90557289302336,20.0,1550.0,1.45,auto (scaling law),0.05,1000000.0,100.0,20.0,1.2,0.55
toroid_1,wgm_microtoroid,9,up,8,0.009000000000000001,0.009000569476014443,24.98649157182475,400.80177690678903,400.90557289302336,20.0,1550.0,1.45,auto (scaling law),0.05,1000000.0,100.0,20.0,1.2,0.55
toroid_1,wgm_microtoroid,10,up,1,0.01,0.010000736980110012,25.06017134884551,446.03743830522916,445.45063654780375,20.0,1550.0,1.45,auto (scaling law),0.05,1000000.0,100.0,20.0,1.2,0.55
toroid_1,wgm_microtoroid,10,up,2,0.01,0.009998613509181605,24.994457566043614,445.33624760872374,445.45063654780375,20.0,1550.0,1.45,auto (scaling law),0.05,1000000.0,100.0,20.0,1.2,0.55
toroid_1,wgm_microtoroid,10,up,3,0.01,0.010000787351002524,25.02658939609621,445.7327590464286,445.45063654780375,20.0,1550.0,1.45,auto (scaling law),0.05,1000000.0,100.0,20.0,1.2,0.55
toroid_1,wgm_microtoroid,10,up,4,0.01,0.00999653070325518,25.06824153800868,445.9269223723532,445.45063654780375,20.0,1550.0,1.45,auto (scaling law),0.05,1000000.0,100.0,20.0,1.2,0.55
toroid_1,wgm_microtoroid,10,up,5,0.01,0.009998071941073128,25.02287897077328,445.57128938423034,445.45063654780375,20.0,1550.0,1.45,auto (scaling law),0.05,1000000.0,100.0,20.0,1.2,0.55
toroid_1,wgm_microtoroid,10,up,6,0.01,0.009998412935712474,24.977050949113938,445.16864775939615,445.45063654780375,20.0,1550.0,1.45,auto (scaling law),0.05,1000000.0,100.0,20.0,1.2,0.55
toroid_1,wgm_microtoroid,10,up,7,0.01,0.009996799722252822,24.900601572196916,444.38994792689016,445.45063654780375,20.0,1550.0,1.45,auto (scaling law),0.05,1000000.0,100.0,20.0,1.2,0.55
toroid_1,wgm_microtoroid,10,up,8,0.01,0.009999925907537675,25.012940821763287,445.5688262661049,445.45063654780375,20.0,1550.0,1.45,auto (scaling law),0.05,1000000.0,100.0,20.0,1.2,0.55
toroid_2,wgm_microtoroid,0,up,1,0.0,6.838553450636834e-08,25.037344280812828,0.38852873258491194,0.0,30.0,1550.0,1.45,auto (scaling law),0.05,1000000.0,100.0,20.0,1.2,0.55
toroid_2,wgm_microtoroid,0,up,2,0.0,2.719495080619924e-06,24.907633760051294,-0.8576989481944282,0.0,30.0,1550.0,1.45,auto (scaling law),0.05,1000000.0,100.0,20.0,1.2,0.55
toroid_2,wgm_microtoroid,0,up,3,0.0,2.4494421571718652e-06,25.078327438734977,0.8881023184028254,0.0,30.0,1550.0,1.45,auto (scaling law),0.05,1000000.0,100.0,20.0,1.2,0.55
toroid_2,wgm_microtoroid,0,up,4,0.0,-1.0206141535753353e-06,24.99517839199222,-0.08236810315207554,0.0,30.0,1550.0,1.45,auto (scaling law),0.05,1000000.0,100.0,20.0,1.2,0.55
toroid_2,wgm_microtoroid,0,up,5,0.0,-5.959390222128943e-07,25.03401892266371,0.3270717015655783,0.0,30.0,1550.0,1.45,auto (scaling law),0.05,1000000.0,100.0,20.0,1.2,0.55
toroid_2,wgm_microtoroid,0,up,6,0.0,-1.0547683860668505e-06,24.99317168330116,-0.11024353386682195,0.0,30.0,1550.0,1.45,auto (scaling law),0.05,1000000.0,100.0,20.0,1.2,0.55
toroid_2,wgm_microtoroid,0,up,7,0.0,1.1394527151439204e-06,24.981045071646257,-0.15504208885282186,0.0,30.0,1550.0,1.45,auto (scaling law),0.05,1000000.0,100.0,20.0,1.2,0.55
toroid_2,wgm_microtoroid,0,up,8,0.0,-1.1212887809123521e-07,25.02315550792988,0.23238782740017083,0.0,30.0,1550.0,1.45,auto (scaling law),0.05,1000000.0,100.0,20.0,1.2,0.55
toroid_2,wgm_microtoroid,1,up,1,0.001,0.000996159318819764,24.962820198524557,33.48241323928443,33.99424586738125,30.0,1550.0,1.45,auto (scaling law),0.05,1000000.0,100.0,20.0,1.2,0.55
toroid_2,wgm_microtoroid,1,up,2,0.001,0.0009983718926721093,25.019249690437395,34.13748370136387,33.99424586738125,30.0,1550.0,1.45,auto (scaling law),0.05,1000000.0,100.0,20.0,1.2,0.55
toroid_2,wgm_microtoroid,1,up,3,0.001,0.0009990648048822145,25.035861790359718,34.33417619485146,33.99424586738125,30.0,1550.0,1.45,auto (scaling law),0.05,1000000.0,100.0,20.0,1.2,0.55
toroid_2,wgm_microtoroid,1,up,4,0.001,0.0009976135950451354,24.984999470075575,33.755354088433116,33.99424586738125,30.0,1550.0,1.45,auto (scaling law),0.05,1000000.0,100.0,20.0,1.2,0.55
toroid_2,wgm_microtoroid,1,up,5,0.001,0.0009970150722318739,25.027233390396045,34.17092315101047,33.99424586738125,30.0,1550.0,1.45,auto (scaling law),0.05,1000000.0,100.0,20.0,1.2,0.55
toroid_2,wgm_microtoroid,1,up,6,0.001,0.0010000732756538897,25.052143773829147,34.53049145178484,33.99424586738125,30.0,1550.0,1.45,auto (scaling law),0.05,1000000.0,100.0,20.0,1.2,0.55
toroid_2,wgm_microtoroid,1,up,7,0.001,0.0010017944985134554,24.989652178189584,33.94407080507508,33.99424586738125,30.0,1550.0,1.45,auto (scaling law),0.05,1000000.0,100.0,20.0,1.2,0.55
toroid_2,wgm_microtoroid,1,up,8,0.001,0.0009995337358440792,24.95932422290092,33.560571309688626,33.99424586738125,30.0,1550.0,1.45,auto (scaling law),0.05,1000000.0,100.0,20.0,1.2,0.55
toroid_2,wgm_microtoroid,2,up,1,0.002,0.0020010556084249912,25.030696482912493,68.34090461982711,67.9884917347625,30.0,1550.0,1.45,auto (scaling law),0.05,1000000.0,100.0,20.0,1.2,0.55
toroid_2,wgm_microtoroid,2,up,2,0.002,0.001998522419937048,25.030138841676674,68.24568654031822,67.9884917347625,30.0,1550.0,1.45,auto (scaling law),0.05,1000000.0,100.0,20.0,1.2,0.55
toroid_2,wgm_microtoroid,2,up,3,0.002,0.0020027712941489925,24.91161407114285,67.17568931748002,67.9884917347625,30.0,1550.0,1.45,auto (scaling law),0.05,1000000.0,100.0,20.0,1.2,0.55
toroid_2,wgm_microtoroid,2,up,4,0.002,0.002001643848673321,25.01735150510272,68.22246781889193,67.9884917347625,30.0,1550.0,1.45,auto (scaling law),0.05,1000000.0,100.0,20.0,1.2,0.55
toroid_2,wgm_microtoroid,2,up,5,0.002,0.002001254752957671,24.9874789326645,67.90378316660373,67.9884917347625,30.0,1550.0,1.45,auto (scaling law),0.05,1000000.0,100.0,20.0,1.2,0.55
toroid_2,wgm_microtoroid,2,up,6,0.002,0.002000803414182882,25.039076134803086,68.4160886278993,67.9884917347625,30.0,1550.0,1.45,auto (scaling law),0.05,1000000.0,100.0,20.0,1.2,0.55
toroid_2,wgm_microtoroid,2,up,7,0.002,0.002001911339128897,24.978046890618117,67.83077755145169,67.9884917347625,30.0,1550.0,1.45,auto (scaling law),0.05,1000000.0,100.0,20.0,1.2,0.55
toroid_2,wgm_microtoroid,2,up,8,0.002,0.001997336040320914,24.999087957117545,67.8902296511328,67.9884917347625,30.0,1550.0,1.45,auto (scaling law),0.05,1000000.0,100.0,20.0,1.2,0.55
toroid_2,wgm_microtoroid,3,up,1,0.003,0.0029996439499505615,24.949666753251147,101.45384977652381,101.98273760214374,30.0,1550.0,1.45,auto (scaling law),0.05,1000000.0,100.0,20.0,1.2,0.55
toroid_2,wgm_microtoroid,3,up,2,0.003,0.0030012639143141874,25.062859430673658,102.67612779393411,101.98273760214374,30.0,1550.0,1.45,auto (scaling law),0.05,1000000.0,100.0,20.0,1.2,0.55
toroid_2,wgm_microtoroid,3,up,3,0.003,0.003002519510322717,24.93691310032777,101.42540731374817,101.98273760214374,30.0,1550.0,1.45,auto (scaling law),0.05,1000000.0,100.0,20.0,1.2,0.55
toroid_2,wgm_microtoroid,3,up,4,0.003,0.003003582351026996,25.028347273286737,102.39102846412264,101.98273760214374,30.0,1550.0,1.45,auto (scaling law),0.05,1000000.0,100.0,20.0,1.2,0.55
toroid_2,wgm_microtoroid,3,up,5,0.003,0.0029968528472591196,25.065093399810134,102.54336577564239,101.98273760214374,30.0,1550.0,1.45,auto (scaling law),0.05,1000000.0,100.0,20.0,1.2,0.55
toroid_2,wgm_microtoroid,3,up,6,0.003,0.003001766263623245,24.920016535597426,101.22244304752822,101.98273760214374,30.0,1550.0,1.45,auto (scaling law),0.05,1000000.0,100.0,20.0,1.2,0.55
toroid_2,wgm_microtoroid,3,up,7,0.003,0.003000930137017027,24.984874107975838,101.86322031608478,101.98273760214374,30.0,1550.0,1.45,auto (scaling law),0.05,1000000.0,100.0,20.0,1.2,0.55
toroid_2,wgm_microtoroid,3,up,8,0.003,0.0029998122784396274,24.934539159124185,101.30454020755661,101.98273760214374,30.0,1550.0,1.45,auto (scaling law),0.05,1000000.0,100.0,20.0,1.2,0.55
toroid_2,wgm_microtoroid,4,up,1,0.004,0.003998507696004819,24.988915603014966,135.8181284737427,135.976983469525,30.0,1550.0,1.45,auto (scaling law),0.05,1000000.0,100.0,20.0,1.2,0.55
toroid_2,wgm_microtoroid,4,up,2,0.004,0.004000594263019275,24.935754171473015,135.3368682397964,135.976983469525,30.0,1550.0,1.45,auto (scaling law),0.05,1000000.0,100.0,20.0,1.2,0.55
toroid_2,wgm_microtoroid,4,up,3,0.004,0.003999966761598039,24.97569121664293,135.72466726962554,135.976983469525,30.0,1550.0,1.45,auto (scaling law),0.05,1000000.0,100.0,20.0,1.2,0.55
toroid_2,wgm_microtoroid,4,up,4,0.004,0.003999592518555224,25.060322483567333,136.57928318112923,135.976983469525,30.0,1550.0,1.45,auto (scaling law),0.05,1000000.0,100.0,20.0,1.2,0.55
toroid_2,wgm_microtoroid,4,up,5,0.004,0.003998531057802905,24.9904720871567,135.83275557196464,135.976983469525,30.0,1550.0,1.45,auto (scaling law),0.05,1000000.0,100.0,20.0,1.2,0.55
toroid_2,wgm_microtoroid,4,up,6,0.004,0.004000774519511886,24.928015134158095,135.27036633630647,135.976983469525,30.0,1550.0,1.45,auto (scaling law),0.05,1000000.0,100.0,20.0,1.2,0.55
toroid_2,wgm_microtoroid,4,up,7,0.004,0.004000615759252732,25.066722140347565,136.6815932812236,135.976983469525,30.0,1550.0,1.45,auto (scaling law),0.05,1000000.0,100.0,20.0,1.2,0.55
toroid_2,wgm_microtoroid,4,up,8,0.004,0.003999814031744847,25.026513270424147,136.2414461293807,135.976983469525,30.0,1550.0,1.45,auto (scaling law),0.05,1000000.0,100.0,20.0,1.2,0.55
toroid_2,wgm_microtoroid,5,up,1,0.005,0.005001192377597345,24.979005555199976,169.79958315110383,169.97122933690625,30.0,1550.0,1.45,auto (scaling law),0.05,1000000.0,100.0,20.0,1.2,0.55
toroid_2,wgm_microtoroid,5,up,2,0.005,0.004998339309129174,25.01638992678617,170.08551980325876,169.97122933690625,30.0,1550.0,1.45,auto (scaling law),0.05,1000000.0,100.0,20.0,1.2,0.55
toroid_2,wgm_microtoroid,5,up,3,0.005,0.004999458883266016,24.89308872052434,168.8565281740711,169.97122933690625,30.0,1550.0,1.45,auto (scaling law),0.05,1000000.0,100.0,20.0,1.2,0.55
toroid_2,wgm_microtoroid,5,up,4,0.005,0.004999300324601116,24.92750259666093,169.20181431225322,169.97122933690625,30.0,1550.0,1.45,auto (scaling law),0.05,1000000.0,100.0,20.0,1.2,0.55
toroid_2,wgm_microtoroid,5,up,5,0.005,0.005000383917774584,25.03979567063409,170.39147512335833,169.97122933690625,30.0,1550.0,1.45,auto (scaling law),0.05,1000000.0,100.0,20.0,1.2,0.55
toroid_2,wgm_microtoroid,5,up,6,0.005,0.005002189636886802,24.970492530047952,169.740285030683,169.97122933690625,30.0,1550.0,1.45,auto (scaling law),0.05,1000000.0,100.0,20.0,1.2,0.55
toroid_2,wgm_microtoroid,5,up,7,0.005,0.005000044135179428,25.02899574617363,170.26947550088866,169.97122933690625,30.0,1550.0,1.45,auto (scaling law),0.05,1000000.0,100.0,20.0,1.2,0.55
toroid_2,wgm_microtoroid,5,up,8,0.005,0.005001837820191561,25.027117212740734,170.3093631158049,169.97122933690625,30.0,1550.0,1.45,auto (scaling law),0.05,1000000.0,100.0,20.0,1.2,0.55
toroid_2,wgm_microtoroid,6,up,1,0.006,0.0059989051128357595,25.028893194780792,204.2263619202887,203.9654752042875,30.0,1550.0,1.45,auto (scaling law),0.05,1000000.0,100.0,20.0,1.2,0.55
toroid_2,wgm_microtoroid,6,up,2,0.006,0.0059998148618969835,24.967821965692725,203.62963710332318,203.9654752042875,30.0,1550.0,1.45,auto (scaling law),0.05,1000000.0,100.0,20.0,1.2,0.55
toroid_2,wgm_microtoroid,6,up,3,0.006,0.006000503223914212,24.963811171993765,203.6120843739715,203.9654752042875,30.0,1550.0,1.45,auto (scaling law),0.05,1000000.0,100.0,20.0,1.2,0.55
toroid_2,wgm_microtoroid,6,up,4,0.006,0.005999322218419861,25.100529876118785,204.97744674198609,203.9654752042875,30.0,1550.0,1.45,auto (scaling law),0.05,1000000.0,100.0,20.0,1.2,0.55
toroid_2,wgm_microtoroid,6,up,5,0.006,0.0059961526342672935,25.037831897700862,204.2241826066924,203.9654752042875,30.0,1550.0,1.45,auto (scaling law),0.05,1000000.0,100.0,20.0,1.2,0.55
toroid_2,wgm_microtoroid,6,up,6,0.006,0.005999855434090994,25.09157199113689,204.90246298568047,203.9654752042875,30.0,1550.0,1.45,auto (scaling law),0.05,1000000.0,100.0,20.0,1.2,0.55
toroid_2,wgm_microtoroid,6,up,7,0.006,0.006000450691574054,25.10647222656098,205.07124605579645,203.9654752042875,30.0,1550.0,1.45,auto (scaling law),0.05,1000000.0,100.0,20.0,1.2,0.55
toroid_2,wgm_microtoroid,6,up,8,0.006,0.0060021689511892875,24.95909581666973,203.61822759745144,203.9654752042875,30.0,1550.0,1.45,auto (scaling law),0.05,1000000.0,100.0,20.0,1.2,0.55
toroid_2,wgm_microtoroid,7,up,1,0.007,0.006998504760597965,24.97761010535189,237.6765994508555,237.95972107166878,30.0,1550.0,1.45,auto (scaling law),0.05,1000000.0,100.0,20.0,1.2,0.55
toroid_2,wgm_microtoroid,7,up,2,0.007,0.007000252174611213,24.99177493678836,237.88170388735784,237.95972107166878,30.0,1550.0,1.45,auto (scaling law),0.05,1000000.0,100.0,20.0,1.2,0.55
toroid_2,wgm_microtoroid,7,up,3,0.007,0.006999064907479873,24.975217696834644,237.67260882629375,237.95972107166878,30.0,1550.0,1.45,auto (scaling law),0.05,1000000.0,100.0,20.0,1.2,0.55
toroid_2,wgm_microtoroid,7,up,4,0.007,0.007001237041502326,25.01939935670729,238.19965360715742,237.95972107166878,30.0,1550.0,1.45,auto (scaling law),0.05,1000000.0,100.0,20.0,1.2,0.55
toroid_2,wgm_microtoroid,7,up,5,0.007,0.00700163815141936,25.000705670592097,238.0234686297564,237.95972107166878,30.0,1550.0,1.45,auto (scaling law),0.05,1000000.0,100.0,20.0,1.2,0.55
toroid_2,wgm_microtoroid,7,up,6,0.007,0.007000617384730018,25.029064559930443,238.2779237148617,237.95972107166878,30.0,1550.0,1.45,auto (scaling law),0.05,1000000.0,100.0,20.0,1.2,0.55
toroid_2,wgm_microtoroid,7,up,7,0.007,0.007000632336288632,24.933567584420096,237.2952901566798,237.95972107166878,30.0,1550.0,1.45,auto (scaling law),0.05,1000000.0,100.0,20.0,1.2,0.55
toroid_2,wgm_microtoroid,7,up,8,0.007,0.0070001858933699,25.044388946420245,238.4200491377708,237.95972107166878,30.0,1550.0,1.45,auto (scaling law),0.05,1000000.0,100.0,20.0,1.2,0.55
toroid_2,wgm_microtoroid,8,up,1,0.008,0.008002623966650536,25.02718128321571,272.32353862958666,271.95396693905,30.0,1550.0,1.45,auto (scaling law),0.05,1000000.0,100.0,20.0,1.2,0.55
toroid_2,wgm_microtoroid,8,up,2,0.008,0.008000088516657275,24.927499612307972,271.2112736357236,271.95396693905,30.0,1550.0,1.45,auto (scaling law),0.05,1000000.0,100.0,20.0,1.2,0.55
toroid_2,wgm_microtoroid,8,up,3,0.008,0.007997664939430112,25.015013825920914,272.03068757057923,271.95396693905,30.0,1550.0,1.45,auto (scaling law),0.05,1000000.0,100.0,20.0,1.2,0.55
toroid_2,wgm_microtoroid,8,up,4,0.008,0.008000016754806355,25.04985860200829,272.46451262561055,271.95396693905,30.0,1550.0,1.45,auto (scaling law),0.05,1000000.0,100.0,20.0,1.2,0.55
toroid_2,wgm_microtoroid,8,up,5,0.008,0.007996888107170589,25.023378764288093,272.09071918992026,271.95396693905,30.0,1550.0,1.45,auto (scaling law),0.05,1000000.0,100.0,20.0,1.2,0.55
toroid_2,wgm_microtoroid,8,up,6,0.008,0.008003579133115946,25.01305081370417,272.20841051273464,271.95396693905,30.0,1550.0,1.45,auto (scaling law),0.05,1000000.0,100.0,20.0,1.2,0.55
toroid_2,wgm_microtoroid,8,up,7,0.008,0.007996951043679418,25.04745483407305,272.3351709750679,271.95396693905,30.0,1550.0,1.45,auto (scaling law),0.05,1000000.0,100.0,20.0,1.2,0.55
toroid_2,wgm_microtoroid,8,up,8,0.008,0.008000957505409292,25.008045227444434,272.0702369310454,271.95396693905,30.0,1550.0,1.45,auto (scaling law),0.05,1000000.0,100.0,20.0,1.2,0.55
toroid_2,wgm_microtoroid,9,up,1,0.009000000000000001,0.009003385911103048,25.009580738308124,306.16174092756927,305.9482128064313,30.0,1550.0,1.45,auto (scaling law),0.05,1000000.0,100.0,20.0,1.2,0.55
toroid_2,wgm_microtoroid,9,up,2,0.009000000000000001,0.009001923356423183,24.9485195405591,305.48736190433766,305.9482128064313,30.0,1550.0,1.45,auto (scaling law),0.05,1000000.0,100.0,20.0,1.2,0.55
toroid_2,wgm_microtoroid,9,up,3,0.009000000000000001,0.008998968700344796,24.965130069327238,305.55393858435485,305.9482128064313,30.0,1550.0,1.45,auto (scaling law),0.05,1000000.0,100.0,20.0,1.2,0.55
toroid_2,wgm_microtoroid,9,up,4,0.009000000000000001,0.009001396119343998,24.926280479463966,305.23250003015954,305.9482128064313,30.0,1550.0,1.45,auto (scaling law),0.05,1000000.0,100.0,20.0,1.2,0.55
toroid_2,wgm_microtoroid,9,up,5,0.009000000000000001,0.008999091581760559,24.92417208909269,305.1381852983153,305.9482128064313,30.0,1550.0,1.45,auto (scaling law),0.05,1000000.0,100.0,20.0,1.2,0.55
toroid_2,wgm_microtoroid,9,up,6,0.009000000000000001,0.008999751961087729,24.952836779963928,305.456144196866,305.9482128064313,30.0,1550.0,1.45,auto (scaling law),0.05,1000000.0,100.0,20.0,1.2,0.55
toroid_2,wgm_microtoroid,9,up,7,0.009000000000000001,0.009000179056986435,25.041279864764928,306.3774987420721,305.9482128064313,30.0,1550.0,1.45,auto (scaling law),0.05,1000000.0,100.0,20.0,1.2,0.55
toroid_2,wgm_microtoroid,9,up,8,0.009000000000000001,0.0089953655635662,25.08330206737318,306.6479047703616,305.9482128064313,30.0,1550.0,1.45,auto (scaling law),0.05,1000000.0,100.0,20.0,1.2,0.55
toroid_2,wgm_microtoroid,10,up,1,0.01,0.01000114511249522,24.97916764910081,339.7694380097878,339.9424586738125,30.0,1550.0,1.45,auto (scaling law),0.05,1000000.0,100.0,20.0,1.2,0.55
toroid_2,wgm_microtoroid,10,up,2,0.01,0.009998273184864733,25.034944335158137,340.24129353161055,339.9424586738125,30.0,1550.0,1.45,auto (scaling law),0.05,1000000.0,100.0,20.0,1.2,0.55
toroid_2,wgm_microtoroid,10,up,3,0.01,0.00999704633180487,25.047046555646347,340.3274012334706,339.9424586738125,30.0,1550.0,1.45,auto (scaling law),0.05,1000000.0,100.0,20.0,1.2,0.55
toroid_2,wgm_microtoroid,10,up,4,0.01,0.009999557491669316,25.035657821021168,340.29749290569106,339.9424586738125,30.0,1550.0,1.45,auto (scaling law),0.05,1000000.0,100.0,20.0,1.2,0.55
toroid_2,wgm_microtoroid,10,up,5,0.01,0.009999577878919459,25.052374314356484,340.46757198136635,339.9424586738125,30.0,1550.0,1.45,auto (scaling law),0.05,1000000.0,100.0,20.0,1.2,0.55
toroid_2,wgm_microtoroid,10,up,6,0.01,0.009999294673572289,24.980537801498365,339.71683933264046,339.9424586738125,30.0,1550.0,1.45,auto (scaling law),0.05,1000000.0,100.0,20.0,1.2,0.55
toroid_2,wgm_microtoroid,10,up,7,0.01,0.010001974493505603,25.036990317975665,340.3941322571215,339.9424586738125,30.0,1550.0,1.45,auto (scaling law),0.05,1000000.0,100.0,20.0,1.2,0.55
toroid_2,wgm_microtoroid,10,up,8,0.01,0.01000345117757882,25.101224096792976,341.09697344362627,339.9424586738125,30.0,1550.0,1.45,auto (scaling law),0.05,1000000.0,100.0,20.0,1.2,0.55
toroid_3,wgm_microtoroid,0,up,1,0.0,-1.365355973104636e-08,24.9946123746026,-0.05651527941776128,0.0,40.0,1550.0,1.45,auto (scaling law),0.05,1000000.0,100.0,20.0,1.2,0.55
toroid_3,wgm_microtoroid,0,up,2,0.0,2.0922865846098056e-06,25.04993818276585,0.6043622554205432,0.0,40.0,1550.0,1.45,auto (scaling law),0.05,1000000.0,100.0,20.0,1.2,0.55
toroid_3,wgm_microtoroid,0,up,3,0.0,1.483176842576966e-06,24.99890260568648,0.029527389297755873,0.0,40.0,1550.0,1.45,auto (scaling law),0.05,1000000.0,100.0,20.0,1.2,0.55
toroid_3,wgm_microtoroid,0,up,4,0.0,1.4479130832999814e-06,25.024794003323212,0.3119336922703736,0.0,40.0,1550.0,1.45,auto (scaling law),0.05,1000000.0,100.0,20.0,1.2,0.55
toroid_3,wgm_microtoroid,0,up,5,0.0,3.2375524466681534e-06,24.904461566791166,-0.9462072411771014,0.0,40.0,1550.0,1.45,auto (scaling law),0.05,1000000.0,100.0,20.0,1.2,0.55
toroid_3,wgm_microtoroid,0,up,6,0.0,-2.411116285292658e-06,25.007353208293917,0.011345955420216203,0.0,40.0,1550.0,1.45,auto (scaling law),0.05,1000000.0,100.0,20.0,1.2,0.55
toroid_3,wgm_microtoroid,0,up,7,0.0,-1.2539109421527468e-06,24.954652837437035,-0.5296637715848224,0.0,40.0,1550.0,1.45,auto (scaling law),0.05,1000000.0,100.0,20.0,1.2,0.55
toroid_3,wgm_microtoroid,0,up,8,0.0,-2.6413264232102508e-06,25.08876946936231,0.8908350569904115,0.0,40.0,1550.0,1.45,auto (scaling law),0.05,1000000.0,100.0,20.0,1.2,0.55
toroid_3,wgm_microtoroid,1,up,1,0.001,0.0009987890959812992,24.972703002215294,27.731957332750213,28.061631683782426,40.0,1550.0,1.45,auto (scaling law),0.05,1000000.0,100.0,20.0,1.2,0.55
toroid_3,wgm_microtoroid,1,up,2,0.001,0.0009988113211649903,24.932457642906712,27.292238545194294,28.061631683782426,40.0,1550.0,1.45,auto (scaling law),0.05,1000000.0,100.0,20.0,1.2,0.55
toroid_3,wgm_microtoroid,1,up,3,0.001,0.000999433249248792,24.992787894057553,27.969939569993723,28.061631683782426,40.0,1550.0,1.45,auto (scaling law),0.05,1000000.0,100.0,20.0,1.2,0.55
toroid_3,wgm_microtoroid,1,up,4,0.001,0.0009985431645456332,24.98761692453663,27.885741708594846,28.061631683782426,40.0,1550.0,1.45,auto (scaling law),0.05,1000000.0,100.0,20.0,1.2,0.55
toroid_3,wgm_microtoroid,1,up,5,0.001,0.001001532655571891,25.009572791526903,28.210376594195022,28.061631683782426,40.0,1550.0,1.45,auto (scaling law),0.05,1000000.0,100.0,20.0,1.2,0.55
toroid_3,wgm_microtoroid,1,up,6,0.001,0.0009968078273324091,24.973311285203753,27.683537566492994,28.061631683782426,40.0,1550.0,1.45,auto (scaling law),0.05,1000000.0,100.0,20.0,1.2,0.55
toroid_3,wgm_microtoroid,1,up,7,0.001,0.0010016471242572315,25.004687808965173,28.157746101779612,28.061631683782426,40.0,1550.0,1.45,auto (scaling law),0.05,1000000.0,100.0,20.0,1.2,0.55
toroid_3,wgm_microtoroid,1,up,8,0.001,0.000998748867059483,25.090984591906455,29.01054429976304,28.061631683782426,40.0,1550.0,1.45,auto (scaling law),0.05,1000000.0,100.0,20.0,1.2,0.55
toroid_3,wgm_microtoroid,2,up,1,0.002,0.0019993046927534903,25.053952297210206,56.686129896130815,56.12326336756485,40.0,1550.0,1.45,auto (scaling law),0.05,1000000.0,100.0,20.0,1.2,0.55
toroid_3,wgm_microtoroid,2,up,2,0.002,0.002001102910847599,25.058273142031364,56.785431409085284,56.12326336756485,40.0,1550.0,1.45,auto (scaling law),0.05,1000000.0,100.0,20.0,1.2,0.55
toroid_3,wgm_microtoroid,2,up,3,0.002,0.001999239779186933,25.05483982238882,56.699284628592636,56.12326336756485,40.0,1550.0,1.45,auto (scaling law),0.05,1000000.0,100.0,20.0,1.2,0.55
toroid_3,wgm_microtoroid,2,up,4,0.002,0.0020008779386297662,25.112726953028556,57.37499214773735,56.12326336756485,40.0,1550.0,1.45,auto (scaling law),0.05,1000000.0,100.0,20.0,1.2,0.55
toroid_3,wgm_microtoroid,2,up,5,0.002,0.00200195908074332,25.00929304523205,56.27504159377687,56.12326336756485,40.0,1550.0,1.45,auto (scaling law),0.05,1000000.0,100.0,20.0,1.2,0.55
toroid_3,wgm_microtoroid,2,up,6,0.002,0.001998911773169872,25.000104204142563,56.08865053870823,56.12326336756485,40.0,1550.0,1.45,auto (scaling law),0.05,1000000.0,100.0,20.0,1.2,0.55
toroid_3,wgm_microtoroid,2,up,7,0.002,0.0020024627035050827,25.03015536525951,56.51940370995161,56.12326336756485,40.0,1550.0,1.45,auto (scaling law),0.05,1000000.0,100.0,20.0,1.2,0.55
toroid_3,wgm_microtoroid,2,up,8,0.002,0.002003243608923376,24.954590244067806,55.7199820852377,56.12326336756485,40.0,1550.0,1.45,auto (scaling law),0.05,1000000.0,100.0,20.0,1.2,0.55
toroid_3,wgm_microtoroid,3,up,1,0.003,0.0029999015983339992,25.033233155139197,84.54515854345522,84.18489505134728,40.0,1550.0,1.45,auto (scaling law),0.05,1000000.0,100.0,20.0,1.2,0.55
toroid_3,wgm_microtoroid,3,up,2,0.003,0.003001342724893274,25.036312172795604,84.6132483462686,84.18489505134728,40.0,1550.0,1.45,auto (scaling law),0.05,1000000.0,100.0,20.0,1.2,0.55
toroid_3,wgm_microtoroid,3,up,3,0.003,0.0030024576683564384,25.0296370995552,84.57937675017907,84.18489505134728,40.0,1550.0,1.45,auto (scaling law),0.05,1000000.0,100.0,20.0,1.2,0.55
toroid_3,wgm_microtoroid,3,up,4,0.003,0.0030004617928598154,25.039208685448813,84.62299239804716,84.18489505134728,40.0,1550.0,1.45,auto (scaling law),0.05,1000000.0,100.0,20.0,1.2,0.55
toroid_3,wgm_microtoroid,3,up,5,0.003,0.0030012253694072077,25.040491401499832,84.65893855432897,84.18489505134728,40.0,1550.0,1.45,auto (scaling law),0.05,1000000.0,100.0,20.0,1.2,0.55
toroid_3,wgm_microtoroid,3,up,6,0.003,0.002997809596614385,24.912390731803118,83.17152953446117,84.18489505134728,40.0,1550.0,1.45,auto (scaling law),0.05,1000000.0,100.0,20.0,1.2,0.55
toroid_3,wgm_microtoroid,3,up,7,0.003,0.002997647383971073,24.963291711552472,83.7217867389545,84.18489505134728,40.0,1550.0,1.45,auto (scaling law),0.05,1000000.0,100.0,20.0,1.2,0.55
toroid_3,wgm_microtoroid,3,up,8,0.003,0.0030004724766689913,25.022757987115316,84.44165898720199,84.18489505134728,40.0,1550.0,1.45,auto (scaling law),0.05,1000000.0,100.0,20.0,1.2,0.55
toroid_3,wgm_microtoroid,4,up,1,0.004,0.004001979825153949,24.983599356920084,112.12279669695465,112.2465267351297,40.0,1550.0,1.45,auto (scaling law),0.05,1000000.0,100.0,20.0,1.2,0.55
toroid_3,wgm_microtoroid,4,up,2,0.004,0.004000154586935443,24.99266188162388,112.1724888414984,112.2465267351297,40.0,1550.0,1.45,auto (scaling law),0.05,1000000.0,100.0,20.0,1.2,0.55
toroid_3,wgm_microtoroid,4,up,3,0.004,0.003998458373010157,25.00241904462936,112.22520880438361,112.2465267351297,40.0,1550.0,1.45,auto (scaling law),0.05,1000000.0,100.0,20.0,1.2,0.55
toroid_3,wgm_microtoroid,4,up,4,0.004,0.003999449453716945,25.05103183326761,112.78971455407276,112.2465267351297,40.0,1550.0,1.45,auto (scaling law),0.05,1000000.0,100.0,20.0,1.2,0.55
toroid_3,wgm_microtoroid,4,up,5,0.004,0.003995628323302803,24.998755211004248,112.1121380681956,112.2465267351297,40.0,1550.0,1.45,auto (scaling law),0.05,1000000.0,100.0,20.0,1.2,0.55
toroid_3,wgm_microtoroid,4,up,6,0.004,0.003998704762950796,24.98700160320471,112.07252241778166,112.2465267351297,40.0,1550.0,1.45,auto (scaling law),0.05,1000000.0,100.0,20.0,1.2,0.55
toroid_3,wgm_microtoroid,4,up,7,0.004,0.004000363819302043,25.02693226113624,112.54943210844885,112.2465267351297,40.0,1550.0,1.45,auto (scaling law),0.05,1000000.0,100.0,20.0,1.2,0.55
toroid_3,wgm_microtoroid,4,up,8,0.004,0.0039985818990495615,25.103830853025535,113.33289741917694,112.2465267351297,40.0,1550.0,1.45,auto (scaling law),0.05,1000000.0,100.0,20.0,1.2,0.55
toroid_3,wgm_microtoroid,5,up,1,0.005,0.005001772197824253,24.97357188632041,140.07211717094046,140.30815841891214,40.0,1550.0,1.45,auto (scaling law),0.05,1000000.0,100.0,20.0,1.2,0.55
toroid_3,wgm_microtoroid,5,up,2,0.005,0.005001507067016316,24.994461786907554,140.29204752680613,140.30815841891214,40.0,1550.0,1.45,auto (scaling law),0.05,1000000.0,100.0,20.0,1.2,0.55
toroid_3,wgm_microtoroid,5,up,3,0.005,0.004998265922204701,24.91674713764233,139.35492134543804,140.30815841891214,40.0,1550.0,1.45,auto (scaling law),0.05,1000000.0,100.0,20.0,1.2,0.55
toroid_3,wgm_microtoroid,5,up,4,0.005,0.004997054129784108,24.9555456485531,139.7410230032878,140.30815841891214,40.0,1550.0,1.45,auto (scaling law),0.05,1000000.0,100.0,20.0,1.2,0.55
toroid_3,wgm_microtoroid,5,up,5,0.005,0.005000898264227578,25.08221813504528,141.22824378416593,140.30815841891214,40.0,1550.0,1.45,auto (scaling law),0.05,1000000.0,100.0,20.0,1.2,0.55
toroid_3,wgm_microtoroid,5,up,6,0.005,0.004999657216011829,24.993431128871496,140.2281651855975,140.30815841891214,40.0,1550.0,1.45,auto (scaling law),0.05,1000000.0,100.0,20.0,1.2,0.55
toroid_3,wgm_microtoroid,5,up,7,0.005,0.005005224331780438,24.969580571113326,140.1221002512882,140.30815841891214,40.0,1550.0,1.45,auto (scaling law),0.05,1000000.0,100.0,20.0,1.2,0.55
toroid_3,wgm_microtoroid,5,up,8,0.005,0.004998771507095148,24.936405100406304,139.58387985324177,140.30815841891214,40.0,1550.0,1.45,auto (scaling law),0.05,1000000.0,100.0,20.0,1.2,0.55
toroid_3,wgm_microtoroid,6,up,1,0.006,0.0059957692874997096,25.011226461076465,168.37206900037788,168.36979010269457,40.0,1550.0,1.45,auto (scaling law),0.05,1000000.0,100.0,20.0,1.2,0.55
toroid_3,wgm_microtoroid,6,up,2,0.006,0.005997421948613515,25.041411908253338,168.74527232550034,168.36979010269457,40.0,1550.0,1.45,auto (scaling law),0.05,1000000.0,100.0,20.0,1.2,0.55
toroid_3,wgm_microtoroid,6,up,3,0.006,0.005999392165610136,25.020222357129672,168.5698323607458,168.36979010269457,40.0,1550.0,1.45,auto (scaling law),0.05,1000000.0,100.0,20.0,1.2,0.55
toroid_3,wgm_microtoroid,6,up,4,0.006,0.005999783001817883,24.942880806463698,167.74287042827993,168.36979010269457,40.0,1550.0,1.45,auto (scaling law),0.05,1000000.0,100.0,20.0,1.2,0.55
toroid_3,wgm_microtoroid,6,up,5,0.006,0.005997671449173201,24.989871827819336,168.19518626806507,168.36979010269457,40.0,1550.0,1.45,auto (scaling law),0.05,1000000.0,100.0,20.0,1.2,0.55
toroid_3,wgm_microtoroid,6,up,6,0.006,0.006000657443946238,25.06456638633935,169.09118352681688,168.36979010269457,40.0,1550.0,1.45,auto (scaling law),0.05,1000000.0,100.0,20.0,1.2,0.55
toroid_3,wgm_microtoroid,6,up,7,0.006,0.006002111211464421,24.943125729049473,167.80658881650257,168.36979010269457,40.0,1550.0,1.45,auto (scaling law),0.05,1000000.0,100.0,20.0,1.2,0.55
toroid_3,wgm_microtoroid,6,up,8,0.006,0.006000902098895308,25.003114843653794,168.4281765579103,168.36979010269457,40.0,1550.0,1.45,auto (scaling law),0.05,1000000.0,100.0,20.0,1.2,0.55
toroid_3,wgm_microtoroid,7,up,1,0.007,0.007000691438789444,24.96434307081681,196.06296965767945,196.431421786477,40.0,1550.0,1.45,auto (scaling law),0.05,1000000.0,100.0,20.0,1.2,0.55
toroid_3,wgm_microtoroid,7,up,2,0.007,0.007001893615418032,24.880926273287546,195.1908896951617,196.431421786477,40.0,1550.0,1.45,auto (scaling law),0.05,1000000.0,100.0,20.0,1.2,0.55
toroid_3,wgm_microtoroid,7,up,3,0.007,0.007001345016241523,24.91595553603483,195.55452457109044,196.431421786477,40.0,1550.0,1.45,auto (scaling law),0.05,1000000.0,100.0,20.0,1.2,0.55
toroid_3,wgm_microtoroid,7,up,4,0.007,0.007001663239962372,25.104445924146017,197.61360179364075,196.431421786477,40.0,1550.0,1.45,auto (scaling law),0.05,1000000.0,100.0,20.0,1.2,0.55
toroid_3,wgm_microtoroid,7,up,5,0.007,0.007002194273497511,24.944135228364907,195.8890302321085,196.431421786477,40.0,1550.0,1.45,auto (scaling law),0.05,1000000.0,100.0,20.0,1.2,0.55
toroid_3,wgm_microtoroid,7,up,6,0.007,0.007001647843722172,24.887894823902812,195.26084114281338,196.431421786477,40.0,1550.0,1.45,auto (scaling law),0.05,1000000.0,100.0,20.0,1.2,0.55
toroid_3,wgm_microtoroid,7,up,7,0.007,0.0069983695931833045,24.970757506459044,196.06745076726986,196.431421786477,40.0,1550.0,1.45,auto (scaling law),0.05,1000000.0,100.0,20.0,1.2,0.55
toroid_3,wgm_microtoroid,7,up,8,0.007,0.007000116081590125,25.07601458641246,197.26372166683157,196.431421786477,40.0,1550.0,1.45,auto (scaling law),0.05,1000000.0,100.0,20.0,1.2,0.55
toroid_3,wgm_microtoroid,8,up,1,0.008,0.008002148933726073,24.916210208367733,223.64008557925678,224.4930534702594,40.0,1550.0,1.45,auto (scaling law),0.05,1000000.0,100.0,20.0,1.2,0.55
toroid_3,wgm_microtoroid,8,up,2,0.008,0.00799956166795685,24.936729900996056,223.79195184964388,224.4930534702594,40.0,1550.0,1.45,auto (scaling law),0.05,1000000.0,100.0,20.0,1.2,0.55
toroid_3,wgm_microtoroid,8,up,3,0.008,0.008000539966823882,25.07627117328902,225.33784744753126,224.4930534702594,40.0,1550.0,1.45,auto (scaling law),0.05,1000000.0,100.0,20.0,1.2,0.55
toroid_3,wgm_microtoroid,8,up,4,0.008,0.00800050824893935,24.94299683020309,223.8877844529555,224.4930534702594,40.0,1550.0,1.45,auto (scaling law),0.05,1000000.0,100.0,20.0,1.2,0.55
toroid_3,wgm_microtoroid,8,up,5,0.008,0.007998663407591552,25.02147773713127,224.68901492613298,224.4930534702594,40.0,1550.0,1.45,auto (scaling law),0.05,1000000.0,100.0,20.0,1.2,0.55
toroid_3,wgm_microtoroid,8,up,6,0.008,0.00800230175872471,24.98164269584569,224.35716235643275,224.4930534702594,40.0,1550.0,1.45,auto (scaling law),0.05,1000000.0,100.0,20.0,1.2,0.55
toroid_3,wgm_microtoroid,8,up,7,0.008,0.007999665896695552,25.025566387694173,224.76342548181015,224.4930534702594,40.0,1550.0,1.45,auto (scaling law),0.05,1000000.0,100.0,20.0,1.2,0.55
toroid_3,wgm_microtoroid,8,up,8,0.008,0.007998761061328036,25.030114858740728,224.78939579018817,224.4930534702594,40.0,1550.0,1.45,auto (scaling law),0.05,1000000.0,100.0,20.0,1.2,0.55
toroid_3,wgm_microtoroid,9,up,1,0.009000000000000001,0.009001081009943736,24.955668618088485,252.10534574806246,252.55468515404183,40.0,1550.0,1.45,auto (scaling law),0.05,1000000.0,100.0,20.0,1.2,0.55
toroid_3,wgm_microtoroid,9,up,2,0.009000000000000001,0.008998519720920596,24.98555256868111,252.35885616530257,252.55468515404183,40.0,1550.0,1.45,auto (scaling law),0.05,1000000.0,100.0,20.0,1.2,0.55
toroid_3,wgm_microtoroid,9,up,3,0.009000000000000001,0.009000791897380817,24.97154248167619,252.26904940886627,252.55468515404183,40.0,1550.0,1.45,auto (scaling law),0.05,1000000.0,100.0,20.0,1.2,0.55
toroid_3,wgm_microtoroid,9,up,4,0.009000000000000001,0.009000122208305525,25.07999158105662,253.42721462635953,252.55468515404183,40.0,1550.0,1.45,auto (scaling law),0.05,1000000.0,100.0,20.0,1.2,0.55
toroid_3,wgm_microtoroid,9,up,5,0.009000000000000001,0.00900092325732048,25.015198723797766,252.7455051859216,252.55468515404183,40.0,1550.0,1.45,auto (scaling law),0.05,1000000.0,100.0,20.0,1.2,0.55
toroid_3,wgm_microtoroid,9,up,6,0.009000000000000001,0.009003689686089146,24.971404101510746,252.34632438069994,252.55468515404183,40.0,1550.0,1.45,auto (scaling law),0.05,1000000.0,100.0,20.0,1.2,0.55
toroid_3,wgm_microtoroid,9,up,7,0.009000000000000001,0.008999572093364465,25.096473455283682,253.59389612754225,252.55468515404183,40.0,1550.0,1.45,auto (scaling law),0.05,1000000.0,100.0,20.0,1.2,0.55
toroid_3,wgm_microtoroid,9,up,8,0.009000000000000001,0.008999976996066208,24.933592976519257,251.82549437876065,252.55468515404183,40.0,1550.0,1.45,auto (scaling law),0.05,1000000.0,100.0,20.0,1.2,0.55
toroid_3,wgm_microtoroid,10,up,1,0.01,0.009998977515461726,25.003469011172836,280.62953435454375,280.6163168378243,40.0,1550.0,1.45,auto (scaling law),0.05,1000000.0,100.0,20.0,1.2,0.55
toroid_3,wgm_microtoroid,10,up,2,0.01,0.010000303888418237,24.903293670586994,279.5751934367991,280.6163168378243,40.0,1550.0,1.45,auto (scaling law),0.05,1000000.0,100.0,20.0,1.2,0.55
toroid_3,wgm_microtoroid,10,up,3,0.01,0.00999883766923975,24.990190430298888,280.4746525103601,280.6163168378243,40.0,1550.0,1.45,auto (scaling law),0.05,1000000.0,100.0,20.0,1.2,0.55
toroid_3,wgm_microtoroid,10,up,4,0.01,0.009996364817868067,24.953793623285467,280.0124407686044,280.6163168378243,40.0,1550.0,1.45,auto (scaling law),0.05,1000000.0,100.0,20.0,1.2,0.55
toroid_3,wgm_microtoroid,10,up,5,0.01,0.009999514342434207,25.034100776476873,280.9697943299711,280.6163168378243,40.0,1550.0,1.45,auto (scaling law),0.05,1000000.0,100.0,20.0,1.2,0.55
toroid_3,wgm_microtoroid,10,up,6,0.01,0.009998489666308593,25.0845728830478,281.49675624926203,280.6163168378243,40.0,1550.0,1.45,auto (scaling law),0.05,1000000.0,100.0,20.0,1.2,0.55
toroid_3,wgm_microtoroid,10,up,7,0.01,0.010001600534842177,25.01587134890778,280.8344744731506,280.6163168378243,40.0,1550.0,1.45,auto (scaling law),0.05,1000000.0,100.0,20.0,1.2,0.55
toroid_3,wgm_microtoroid,10,up,8,0.01,0.010002794807523656,25.101762469885156,281.80544591733053,280.6163168378243,40.0,1550.0,1.45,auto (scaling law),0.05,1000000.0,100.0,20.0,1.2,0.55
toroid_4,wgm_microtoroid,0,up,1,0.0,3.653513119914847e-06,24.974188527775375,-0.21263063301519428,0.0,55.0,1550.0,1.45,auto (scaling law),0.05,1000000.0,100.0,20.0,1.2,0.55
toroid_4,wgm_microtoroid,0,up,2,0.0,-6.156663820396069e-06,25.029024246066985,0.18647071763227932,0.0,55.0,1550.0,1.45,auto (scaling law),0.05,1000000.0,100.0,20.0,1.2,0.55
toroid_4,wgm_microtoroid,0,up,3,0.0,1.9161279506176942e-06,25.021605343066888,0.29466006447083604,0.0,55.0,1550.0,1.45,auto (scaling law),0.05,1000000.0,100.0,20.0,1.2,0.55
toroid_4,wgm_microtoroid,0,up,4,0.0,1.3927445532188966e-07,24.98215803212983,-0.20104864736109035,0.0,55.0,1550.0,1.45,auto (scaling law),0.05,1000000.0,100.0,20.0,1.2,0.55
toroid_4,wgm_microtoroid,0,up,5,0.0,2.6365000483621373e-06,24.98763480890059,-0.07756447228162137,0.0,55.0,1550.0,1.45,auto (scaling law),0.05,1000000.0,100.0,20.0,1.2,0.55
toroid_4,wgm_microtoroid,0,up,6,0.0,7.712584999967781e-07,25.035972033909268,0.4291229772788834,0.0,55.0,1550.0,1.45,auto (scaling law),0.05,1000000.0,100.0,20.0,1.2,0.55
toroid_4,wgm_microtoroid,0,up,7,0.0,3.6545172551723512e-06,25.0352157996931,0.49014787474757543,0.0,55.0,1550.0,1.45,auto (scaling law),0.05,1000000.0,100.0,20.0,1.2,0.55
toroid_4,wgm_microtoroid,0,up,8,0.0,6.348751830353282e-08,24.97530328848824,-0.27611491807586475,0.0,55.0,1550.0,1.45,auto (scaling law),0.05,1000000.0,100.0,20.0,1.2,0.55
toroid_4,wgm_microtoroid,1,up,1,0.001,0.0010006365968787058,24.98164312513805,22.494976629085254,22.694003699498627,55.0,1550.0,1.45,auto (scaling law),0.05,1000000.0,100.0,20.0,1.2,0.55
toroid_4,wgm_microtoroid,1,up,2,0.001,0.001002961526839717,24.959721997766028,22.300144948815493,22.694003699498627,55.0,1550.0,1.45,auto (scaling law),0.05,1000000.0,100.0,20.0,1.2,0.55
toroid_4,wgm_microtoroid,1,up,3,0.001,0.0009980997529567802,24.982859999242876,22.453268233390343,22.694003699498627,55.0,1550.0,1.45,auto (scaling law),0.05,1000000.0,100.0,20.0,1.2,0.55
toroid_4,wgm_microtoroid,1,up,4,0.001,0.001002517236285978,25.052556257125158,23.35288822785483,22.694003699498627,55.0,1550.0,1.45,auto (scaling law),0.05,1000000.0,100.0,20.0,1.2,0.55
toroid_4,wgm_microtoroid,1,up,5,0.001,0.0009970391527448156,25.044541972312295,23.135717167166288,22.694003699498627,55.0,1550.0,1.45,auto (scaling law),0.05,1000000.0,100.0,20.0,1.2,0.55
toroid_4,wgm_microtoroid,1,up,6,0.001,0.0010006864727351485,24.986893426851758,22.561304735253444,22.694003699498627,55.0,1550.0,1.45,auto (scaling law),0.05,1000000.0,100.0,20.0,1.2,0.55
toroid_4,wgm_microtoroid,1,up,7,0.001,0.0010021297529384204,24.937699782634358,22.032201427389182,22.694003699498627,55.0,1550.0,1.45,auto (scaling law),0.05,1000000.0,100.0,20.0,1.2,0.55
toroid_4,wgm_microtoroid,1,up,8,0.001,0.0010004472642832975,25.033699862094263,23.08681771312691,22.694003699498627,55.0,1550.0,1.45,auto (scaling law),0.05,1000000.0,100.0,20.0,1.2,0.55
toroid_4,wgm_microtoroid,2,up,1,0.002,0.002001070951966096,25.017421149777952,45.613110607262925,45.38800739899725,55.0,1550.0,1.45,auto (scaling law),0.05,1000000.0,100.0,20.0,1.2,0.55
toroid_4,wgm_microtoroid,2,up,2,0.002,0.002002824920736809,25.082000194105536,46.39100826494901,45.38800739899725,55.0,1550.0,1.45,auto (scaling law),0.05,1000000.0,100.0,20.0,1.2,0.55
toroid_4,wgm_microtoroid,2,up,3,0.002,0.0019999264575141108,24.98194247106859,45.181877943152436,45.38800739899725,55.0,1550.0,1.45,auto (scaling law),0.05,1000000.0,100.0,20.0,1.2,0.55
toroid_4,wgm_microtoroid,2,up,4,0.002,0.0020012671889289087,24.983291696139098,45.218691948885734,45.38800739899725,55.0,1550.0,1.45,auto (scaling law),0.05,1000000.0,100.0,20.0,1.2,0.55
toroid_4,wgm_microtoroid,2,up,5,0.002,0.0019997481936140727,24.97040700082296,45.041979319451556,45.38800739899725,55.0,1550.0,1.45,auto (scaling law),0.05,1000000.0,100.0,20.0,1.2,0.55
toroid_4,wgm_microtoroid,2,up,6,0.002,0.0020020571108547085,25.030548135098424,45.780298033227226,45.38800739899725,55.0,1550.0,1.45,auto (scaling law),0.05,1000000.0,100.0,20.0,1.2,0.55
toroid_4,wgm_microtoroid,2,up,7,0.002,0.0020013332733043025,24.968879986464668,45.0598247683891,45.38800739899725,55.0,1550.0,1.45,auto (scaling law),0.05,1000000.0,100.0,20.0,1.2,0.55
toroid_4,wgm_microtoroid,2,up,8,0.002,0.0020017516389415823,24.967773368174992,45.058903490732334,45.38800739899725,55.0,1550.0,1.45,auto (scaling law),0.05,1000000.0,100.0,20.0,1.2,0.55
toroid_4,wgm_microtoroid,3,up,1,0.003,0.0030036350864674054,25.021726858990707,68.40912320945338,68.08201109849587,55.0,1550.0,1.45,auto (scaling law),0.05,1000000.0,100.0,20.0,1.2,0.55
toroid_4,wgm_microtoroid,3,up,2,0.003,0.0029993852028924683,24.904434671141978,66.97665244453344,68.08201109849587,55.0,1550.0,1.45,auto (scaling law),0.05,1000000.0,100.0,20.0,1.2,0.55
toroid_4,wgm_microtoroid,3,up,3,0.003,0.0029985291084512746,24.919488783449474,67.13450842237023,68.08201109849587,55.0,1550.0,1.45,auto (scaling law),0.05,1000000.0,100.0,20.0,1.2,0.55
toroid_4,wgm_microtoroid,3,up,4,0.003,0.003001397645489678,25.054228027942592,68.73287349128897,68.08201109849587,55.0,1550.0,1.45,auto (scaling law),0.05,1000000.0,100.0,20.0,1.2,0.55
toroid_4,wgm_microtoroid,3,up,5,0.003,0.0030001383434588792,25.042150228746202,68.56933892879667,68.08201109849587,55.0,1550.0,1.45,auto (scaling law),0.05,1000000.0,100.0,20.0,1.2,0.55
toroid_4,wgm_microtoroid,3,up,6,0.003,0.0030002413622573216,24.974667164122042,67.79780790978042,68.08201109849587,55.0,1550.0,1.45,auto (scaling law),0.05,1000000.0,100.0,20.0,1.2,0.55
toroid_4,wgm_microtoroid,3,up,7,0.003,0.002998626651775842,24.94898980477914,67.46980459564955,68.08201109849587,55.0,1550.0,1.45,auto (scaling law),0.05,1000000.0,100.0,20.0,1.2,0.55
toroid_4,wgm_microtoroid,3,up,8,0.003,0.002999996991065924,24.990722668714515,67.97991446611624,68.08201109849587,55.0,1550.0,1.45,auto (scaling law),0.05,1000000.0,100.0,20.0,1.2,0.55
toroid_4,wgm_microtoroid,4,up,1,0.004,0.0039973281248855555,24.955317829225848,90.2058774286867,90.7760147979945,55.0,1550.0,1.45,auto (scaling law),0.05,1000000.0,100.0,20.0,1.2,0.55
toroid_4,wgm_microtoroid,4,up,2,0.004,0.0039993050440107,24.954047648501856,90.23568498575935,90.7760147979945,55.0,1550.0,1.45,auto (scaling law),0.05,1000000.0,100.0,20.0,1.2,0.55
toroid_4,wgm_microtoroid,4,up,3,0.004,0.003999686202998909,25.101241385750175,91.92727336787497,90.7760147979945,55.0,1550.0,1.45,auto (scaling law),0.05,1000000.0,100.0,20.0,1.2,0.55
toroid_4,wgm_microtoroid,4,up,4,0.004,0.00400056396235873,24.94685146581262,90.17977561978067,90.7760147979945,55.0,1550.0,1.45,auto (scaling law),0.05,1000000.0,100.0,20.0,1.2,0.55
toroid_4,wgm_microtoroid,4,up,5,0.004,0.0040031073334456085,25.0118197587455,90.9793939187125,90.7760147979945,55.0,1550.0,1.45,auto (scaling law),0.05,1000000.0,100.0,20.0,1.2,0.55
toroid_4,wgm_microtoroid,4,up,6,0.004,0.00400137105400716,24.964239388396063,90.39598854450112,90.7760147979945,55.0,1550.0,1.45,auto (scaling law),0.05,1000000.0,100.0,20.0,1.2,0.55
toroid_4,wgm_microtoroid,4,up,7,0.004,0.003997004666802964,25.043049046997595,91.20294839068839,90.7760147979945,55.0,1550.0,1.45,auto (scaling law),0.05,1000000.0,100.0,20.0,1.2,0.55
toroid_4,wgm_microtoroid,4,up,8,0.004,0.003999458055917641,25.017685161927066,90.96470391748105,90.7760147979945,55.0,1550.0,1.45,auto (scaling law),0.05,1000000.0,100.0,20.0,1.2,0.55
toroid_4,wgm_microtoroid,5,up,1,0.005,0.004997925198458592,24.98328523797879,113.23483212202925,113.47001849749314,55.0,1550.0,1.45,auto (scaling law),0.05,1000000.0,100.0,20.0,1.2,0.55
toroid_4,wgm_microtoroid,5,up,2,0.005,0.004999161853199344,24.982277379245104,113.2482536031385,113.47001849749314,55.0,1550.0,1.45,auto (scaling law),0.05,1000000.0,100.0,20.0,1.2,0.55
toroid_4,wgm_microtoroid,5,up,3,0.005,0.005004999294283824,24.889536191252365,112.32433005917613,113.47001849749314,55.0,1550.0,1.45,auto (scaling law),0.05,1000000.0,100.0,20.0,1.2,0.55
toroid_4,wgm_microtoroid,5,up,4,0.005,0.004999785054090884,25.129506608264983,114.93906276639153,113.47001849749314,55.0,1550.0,1.45,auto (scaling law),0.05,1000000.0,100.0,20.0,1.2,0.55
toroid_4,wgm_microtoroid,5,up,5,0.005,0.005001700041195475,25.046241812897044,114.03729667430237,113.47001849749314,55.0,1550.0,1.45,auto (scaling law),0.05,1000000.0,100.0,20.0,1.2,0.55
toroid_4,wgm_microtoroid,5,up,6,0.005,0.005000930363652959,25.005814325338356,113.56300923105117,113.47001849749314,55.0,1550.0,1.45,auto (scaling law),0.05,1000000.0,100.0,20.0,1.2,0.55
toroid_4,wgm_microtoroid,5,up,7,0.005,0.004999975233435839,24.989832543080272,113.35263785086728,113.47001849749314,55.0,1550.0,1.45,auto (scaling law),0.05,1000000.0,100.0,20.0,1.2,0.55
toroid_4,wgm_microtoroid,5,up,8,0.005,0.004998614590097303,24.96051778091356,112.99027099121443,113.47001849749314,55.0,1550.0,1.45,auto (scaling law),0.05,1000000.0,100.0,20.0,1.2,0.55
toroid_4,wgm_microtoroid,6,up,1,0.006,0.006000070667274221,25.022823942374437,136.4248033878344,136.16402219699174,55.0,1550.0,1.45,auto (scaling law),0.05,1000000.0,100.0,20.0,1.2,0.55
toroid_4,wgm_microtoroid,6,up,2,0.006,0.006002210381080641,25.02161614309381,136.4539901377553,136.16402219699174,55.0,1550.0,1.45,auto (scaling law),0.05,1000000.0,100.0,20.0,1.2,0.55
toroid_4,wgm_microtoroid,6,up,3,0.006,0.00600213484901866,24.955548669760894,135.6999768626344,136.16402219699174,55.0,1550.0,1.45,auto (scaling law),0.05,1000000.0,100.0,20.0,1.2,0.55
toroid_4,wgm_microtoroid,6,up,4,0.006,0.006000123292742257,24.994425605104226,136.09901048987498,136.16402219699174,55.0,1550.0,1.45,auto (scaling law),0.05,1000000.0,100.0,20.0,1.2,0.55
toroid_4,wgm_microtoroid,6,up,5,0.006,0.005998880829139957,25.146056975382894,137.80595314400784,136.16402219699174,55.0,1550.0,1.45,auto (scaling law),0.05,1000000.0,100.0,20.0,1.2,0.55
toroid_4,wgm_microtoroid,6,up,6,0.006,0.006000573508322885,25.04084172436272,136.64576949099452,136.16402219699174,55.0,1550.0,1.45,auto (scaling law),0.05,1000000.0,100.0,20.0,1.2,0.55
toroid_4,wgm_microtoroid,6,up,7,0.006,0.0060000835380589045,25.004888965542218,136.21570303233025,136.16402219699174,55.0,1550.0,1.45,auto (scaling law),0.05,1000000.0,100.0,20.0,1.2,0.55
toroid_4,wgm_microtoroid,6,up,8,0.006,0.00599876419338874,25.12555411868511,137.57172501830698,136.16402219699174,55.0,1550.0,1.45,auto (scaling law),0.05,1000000.0,100.0,20.0,1.2,0.55
toroid_4,wgm_microtoroid,7,up,1,0.007,0.006997544523118852,25.048982618237957,159.35503247186816,158.85802589649037,55.0,1550.0,1.45,auto (scaling law),0.05,1000000.0,100.0,20.0,1.2,0.55
toroid_4,wgm_microtoroid,7,up,2,0.007,0.007000512869696458,25.04631113153824,159.40163695550027,158.85802589649037,55.0,1550.0,1.45,auto (scaling law),0.05,1000000.0,100.0,20.0,1.2,0.55
toroid_4,wgm_microtoroid,7,up,3,0.007,0.007000927839204348,25.130642645353607,160.37137529542815,158.85802589649037,55.0,1550.0,1.45,auto (scaling law),0.05,1000000.0,100.0,20.0,1.2,0.55
toroid_4,wgm_microtoroid,7,up,4,0.007,0.007000864659667381,25.054161627097006,159.4980129059438,158.85802589649037,55.0,1550.0,1.45,auto (scaling law),0.05,1000000.0,100.0,20.0,1.2,0.55
toroid_4,wgm_microtoroid,7,up,5,0.007,0.007000015094160545,25.03632136779751,159.2718996308296,158.85802589649037,55.0,1550.0,1.45,auto (scaling law),0.05,1000000.0,100.0,20.0,1.2,0.55
toroid_4,wgm_microtoroid,7,up,6,0.007,0.007000341991027885,25.08317502958589,159.8158247628103,158.85802589649037,55.0,1550.0,1.45,auto (scaling law),0.05,1000000.0,100.0,20.0,1.2,0.55
toroid_4,wgm_microtoroid,7,up,7,0.007,0.006997720359700103,25.01205688192943,158.94907454670238,158.85802589649037,55.0,1550.0,1.45,auto (scaling law),0.05,1000000.0,100.0,20.0,1.2,0.55
toroid_4,wgm_microtoroid,7,up,8,0.007,0.007000556433780793,24.935506139010354,158.13566036855605,158.85802589649037,55.0,1550.0,1.45,auto (scaling law),0.05,1000000.0,100.0,20.0,1.2,0.55
toroid_4,wgm_microtoroid,8,up,1,0.008,0.007997768962647464,25.00442316004637,181.5568563319665,181.552029595989,55.0,1550.0,1.45,auto (scaling law),0.05,1000000.0,100.0,20.0,1.2,0.55
toroid_4,wgm_microtoroid,8,up,2,0.008,0.00799913710056873,24.962136143642034,181.09384886201116,181.552029595989,55.0,1550.0,1.45,auto (scaling law),0.05,1000000.0,100.0,20.0,1.2,0.55
toroid_4,wgm_microtoroid,8,up,3,0.008,0.008002770221231173,24.93574317352908,180.88202044725003,181.552029595989,55.0,1550.0,1.45,auto (scaling law),0.05,1000000.0,100.0,20.0,1.2,0.55
toroid_4,wgm_microtoroid,8,up,4,0.008,0.007997820077871426,24.994300534593346,181.43471839649862,181.552029595989,55.0,1550.0,1.45,auto (scaling law),0.05,1000000.0,100.0,20.0,1.2,0.55
toroid_4,wgm_microtoroid,8,up,5,0.008,0.007994837141079961,24.99202021834783,181.34576267025273,181.552029595989,55.0,1550.0,1.45,auto (scaling law),0.05,1000000.0,100.0,20.0,1.2,0.55
toroid_4,wgm_microtoroid,8,up,6,0.008,0.007995412089624109,24.971803652797437,181.12552172038093,181.552029595989,55.0,1550.0,1.45,auto (scaling law),0.05,1000000.0,100.0,20.0,1.2,0.55
toroid_4,wgm_microtoroid,8,up,7,0.008,0.007997322122082763,24.98773729269738,181.35234411700895,181.552029595989,55.0,1550.0,1.45,auto (scaling law),0.05,1000000.0,100.0,20.0,1.2,0.55
toroid_4,wgm_microtoroid,8,up,8,0.008,0.008001598787056986,24.96184091113926,181.1543611727629,181.552029595989,55.0,1550.0,1.45,auto (scaling law),0.05,1000000.0,100.0,20.0,1.2,0.55
toroid_4,wgm_microtoroid,9,up,1,0.009000000000000001,0.009000410652476795,25.099195313020132,205.38457814723807,204.24603329548768,55.0,1550.0,1.45,auto (scaling law),0.05,1000000.0,100.0,20.0,1.2,0.55
toroid_4,wgm_microtoroid,9,up,2,0.009000000000000001,0.009001982080923489,24.887470408329335,203.00822978225753,204.24603329548768,55.0,1550.0,1.45,auto (scaling law),0.05,1000000.0,100.0,20.0,1.2,0.55
toroid_4,wgm_microtoroid,9,up,3,0.009000000000000001,0.008997217044491074,24.952205917352984,203.63929814000872,204.24603329548768,55.0,1550.0,1.45,auto (scaling law),0.05,1000000.0,100.0,20.0,1.2,0.55
toroid_4,wgm_microtoroid,9,up,4,0.009000000000000001,0.00900190339782433,25.04820838337114,204.83950605225425,204.24603329548768,55.0,1550.0,1.45,auto (scaling law),0.05,1000000.0,100.0,20.0,1.2,0.55
toroid_4,wgm_microtoroid,9,up,5,0.009000000000000001,0.00899956211510075,24.94346609370319,203.59072735060587,204.24603329548768,55.0,1550.0,1.45,auto (scaling law),0.05,1000000.0,100.0,20.0,1.2,0.55
toroid_4,wgm_microtoroid,9,up,6,0.009000000000000001,0.009000761288754648,24.990870359309334,204.159525985541,204.24603329548768,55.0,1550.0,1.45,auto (scaling law),0.05,1000000.0,100.0,20.0,1.2,0.55
toroid_4,wgm_microtoroid,9,up,7,0.009000000000000001,0.009003113066748197,25.085393793062426,205.28693347970778,204.24603329548768,55.0,1550.0,1.45,auto (scaling law),0.05,1000000.0,100.0,20.0,1.2,0.55
toroid_4,wgm_microtoroid,9,up,8,0.009000000000000001,0.009002248813674459,25.043734999498934,204.79646407717448,204.24603329548768,55.0,1550.0,1.45,auto (scaling law),0.05,1000000.0,100.0,20.0,1.2,0.55
toroid_4,wgm_microtoroid,10,up,1,0.01,0.009998066177841295,24.984360165170585,226.7162343294968,226.9400369949863,55.0,1550.0,1.45,auto (scaling law),0.05,1000000.0,100.0,20.0,1.2,0.55
toroid_4,wgm_microtoroid,10,up,2,0.01,0.01000078714214271,24.985792100888634,226.79642073071966,226.9400369949863,55.0,1550.0,1.45,auto (scaling law),0.05,1000000.0,100.0,20.0,1.2,0.55
toroid_4,wgm_microtoroid,10,up,3,0.01,0.010000858433918087,25.003889308982792,227.00383673750872,226.9400369949863,55.0,1550.0,1.45,auto (scaling law),0.05,1000000.0,100.0,20.0,1.2,0.55
toroid_4,wgm_microtoroid,10,up,4,0.01,0.009998214413462433,24.997038859806594,226.8683238682199,226.9400369949863,55.0,1550.0,1.45,auto (scaling law),0.05,1000000.0,100.0,20.0,1.2,0.55
toroid_4,wgm_microtoroid,10,up,5,0.01,0.010001225342288218,25.057108343564373,227.62028292243855,226.9400369949863,55.0,1550.0,1.45,auto (scaling law),0.05,1000000.0,100.0,20.0,1.2,0.55
toroid_4,wgm_microtoroid,10,up,6,0.01,0.010000711624858513,24.88130273823053,225.5940903006504,226.9400369949863,55.0,1550.0,1.45,auto (scaling law),0.05,1000000.0,100.0,20.0,1.2,0.55
toroid_4,wgm_microtoroid,10,up,7,0.01,0.009999915807426547,24.984476322351828,226.7577872469548,226.9400369949863,55.0,1550.0,1.45,auto (scaling law),0.05,1000000.0,100.0,20.0,1.2,0.55
toroid_4,wgm_microtoroid,10,up,8,0.01,0.010001451613444165,24.899252194762123,225.82756423225237,226.9400369949863,55.0,1550.0,1.45,auto (scaling law),0.05,1000000.0,100.0,20.0,1.2,0.55
toroid_5,wgm_microtoroid,0,up,1,0.0,1.3910395400763373e-06,25.051161910683174,0.6265005431248079,0.0,70.0,1550.0,1.45,auto (scaling law),0.05,1000000.0,100.0,20.0,1.2,0.55
toroid_5,wgm_microtoroid,0,up,2,0.0,-1.958948336717463e-06,24.955892707597005,-0.5550892848410655,0.0,70.0,1550.0,1.45,auto (scaling law),0.05,1000000.0,100.0,20.0,1.2,0.55
toroid_5,wgm_microtoroid,0,up,3,0.0,-3.146980665895414e-06,25.132614334858477,1.4912251403889014,0.0,70.0,1550.0,1.45,auto (scaling law),0.05,1000000.0,100.0,20.0,1.2,0.55
toroid_5,wgm_microtoroid,0,up,4,0.0,-5.849941143681731e-06,24.956154587387182,-0.6299144739100521,0.0,70.0,1550.0,1.45,auto (scaling law),0.05,1000000.0,100.0,20.0,1.2,0.55
toroid_5,wgm_microtoroid,0,up,5,0.0,-7.064643271653812e-07,25.018677653109393,0.21045340878953603,0.0,70.0,1550.0,1.45,auto (scaling law),0.05,1000000.0,100.0,20.0,1.2,0.55
toroid_5,wgm_microtoroid,0,up,6,0.0,2.49521274522225e-06,25.13697904090581,1.6579934029107493,0.0,70.0,1550.0,1.45,auto (scaling law),0.05,1000000.0,100.0,20.0,1.2,0.55
toroid_5,wgm_microtoroid,0,up,7,0.0,6.614524693858971e-08,24.994287379392418,-0.06649694850151477,0.0,70.0,1550.0,1.45,auto (scaling law),0.05,1000000.0,100.0,20.0,1.2,0.55
toroid_5,wgm_microtoroid,0,up,8,0.0,1.023688055361646e-06,25.00571472568545,0.08794765505117942,0.0,70.0,1550.0,1.45,auto (scaling law),0.05,1000000.0,100.0,20.0,1.2,0.55
toroid_5,wgm_microtoroid,1,up,1,0.001,0.0010008292136279493,24.95009085801131,18.75245021409411,19.3235784350865,70.0,1550.0,1.45,auto (scaling law),0.05,1000000.0,100.0,20.0,1.2,0.55
toroid_5,wgm_microtoroid,1,up,2,0.001,0.001000304206527743,24.99639345034669,19.29086352388025,19.3235784350865,70.0,1550.0,1.45,auto (scaling law),0.05,1000000.0,100.0,20.0,1.2,0.55
toroid_5,wgm_microtoroid,1,up,3,0.001,0.001001157175732482,24.949645992677763,18.756755798167564,19.3235784350865,70.0,1550.0,1.45,auto (scaling law),0.05,1000000.0,100.0,20.0,1.2,0.55
toroid_5,wgm_microtoroid,1,up,4,0.001,0.0009966808063990042,25.050636587782762,19.85126007043032,19.3235784350865,70.0,1550.0,1.45,auto (scaling law),0.05,1000000.0,100.0,20.0,1.2,0.55
toroid_5,wgm_microtoroid,1,up,5,0.001,0.0010011825105597815,24.998570086938138,19.330524189355582,19.3235784350865,70.0,1550.0,1.45,auto (scaling law),0.05,1000000.0,100.0,20.0,1.2,0.55
toroid_5,wgm_microtoroid,1,up,6,0.001,0.0009986529464564534,25.04265458578393,19.797142939530215,19.3235784350865,70.0,1550.0,1.45,auto (scaling law),0.05,1000000.0,100.0,20.0,1.2,0.55
toroid_5,wgm_microtoroid,1,up,7,0.001,0.0010015716052740515,24.944247196658818,18.70011073715448,19.3235784350865,70.0,1550.0,1.45,auto (scaling law),0.05,1000000.0,100.0,20.0,1.2,0.55
toroid_5,wgm_microtoroid,1,up,8,0.001,0.0009999575066055614,25.08097086697585,20.27794242649612,19.3235784350865,70.0,1550.0,1.45,auto (scaling law),0.05,1000000.0,100.0,20.0,1.2,0.55
toroid_5,wgm_microtoroid,2,up,1,0.002,0.0020013773416705273,25.02147356545225,38.92538735463154,38.647156870173,70.0,1550.0,1.45,auto (scaling law),0.05,1000000.0,100.0,20.0,1.2,0.55
toroid_5,wgm_microtoroid,2,up,2,0.002,0.0020021358717786566,24.92378408144979,37.793357379099504,38.647156870173,70.0,1550.0,1.45,auto (scaling law),0.05,1000000.0,100.0,20.0,1.2,0.55
toroid_5,wgm_microtoroid,2,up,3,0.002,0.0019976568609739644,24.948013831958797,37.99004098598251,38.647156870173,70.0,1550.0,1.45,auto (scaling law),0.05,1000000.0,100.0,20.0,1.2,0.55
toroid_5,wgm_microtoroid,2,up,4,0.002,0.0020004078903903986,25.0222335404918,38.91474754589916,38.647156870173,70.0,1550.0,1.45,auto (scaling law),0.05,1000000.0,100.0,20.0,1.2,0.55
toroid_5,wgm_microtoroid,2,up,5,0.002,0.0020007181435441512,24.94117159935192,37.968660194661425,38.647156870173,70.0,1550.0,1.45,auto (scaling law),0.05,1000000.0,100.0,20.0,1.2,0.55
toroid_5,wgm_microtoroid,2,up,6,0.002,0.0020021777954129247,24.938654181328452,37.96963326932759,38.647156870173,70.0,1550.0,1.45,auto (scaling law),0.05,1000000.0,100.0,20.0,1.2,0.55
toroid_5,wgm_microtoroid,2,up,7,0.002,0.0019987611533457024,25.044762000868115,39.15272367002017,38.647156870173,70.0,1550.0,1.45,auto (scaling law),0.05,1000000.0,100.0,20.0,1.2,0.55
toroid_5,wgm_microtoroid,2,up,8,0.002,0.0020011375721867126,25.014278314480872,38.835574768123784,38.647156870173,70.0,1550.0,1.45,auto (scaling law),0.05,1000000.0,100.0,20.0,1.2,0.55
toroid_5,wgm_microtoroid,3,up,1,0.003,0.002999862685444149,25.05756502521549,58.64810235403471,57.97073530525951,70.0,1550.0,1.45,auto (scaling law),0.05,1000000.0,100.0,20.0,1.2,0.55
toroid_5,wgm_microtoroid,3,up,2,0.003,0.002999563443803561,25.060793279304722,58.67622769826376,57.97073530525951,70.0,1550.0,1.45,auto (scaling law),0.05,1000000.0,100.0,20.0,1.2,0.55
toroid_5,wgm_microtoroid,3,up,3,0.003,0.0029974799444793974,24.980846350525464,57.6964197183108,57.97073530525951,70.0,1550.0,1.45,auto (scaling law),0.05,1000000.0,100.0,20.0,1.2,0.55
toroid_5,wgm_microtoroid,3,up,4,0.003,0.0030005038827860173,24.899952988032865,56.80002964684548,57.97073530525951,70.0,1550.0,1.45,auto (scaling law),0.05,1000000.0,100.0,20.0,1.2,0.55
toroid_5,wgm_microtoroid,3,up,5,0.003,0.0030017335307787655,24.98260057511417,57.798153434030006,57.97073530525951,70.0,1550.0,1.45,auto (scaling law),0.05,1000000.0,100.0,20.0,1.2,0.55
toroid_5,wgm_microtoroid,3,up,6,0.003,0.0029983126300337382,24.930439614692403,57.117094815551326,57.97073530525951,70.0,1550.0,1.45,auto (scaling law),0.05,1000000.0,100.0,20.0,1.2,0.55
toroid_5,wgm_microtoroid,3,up,7,0.003,0.0030016661947235824,24.93426396346179,57.23212195913316,57.97073530525951,70.0,1550.0,1.45,auto (scaling law),0.05,1000000.0,100.0,20.0,1.2,0.55
toroid_5,wgm_microtoroid,3,up,8,0.003,0.00299885666480469,24.9873586478714,57.79867400065732,57.97073530525951,70.0,1550.0,1.45,auto (scaling law),0.05,1000000.0,100.0,20.0,1.2,0.55
toroid_5,wgm_microtoroid,4,up,1,0.004,0.003999912181251795,25.068567261596275,78.09527116422397,77.294313740346,70.0,1550.0,1.45,auto (scaling law),0.05,1000000.0,100.0,20.0,1.2,0.55
toroid_5,wgm_microtoroid,4,up,2,0.004,0.003999966583143781,25.006491401326127,77.37225594710796,77.294313740346,70.0,1550.0,1.45,auto (scaling law),0.05,1000000.0,100.0,20.0,1.2,0.55
toroid_5,wgm_microtoroid,4,up,3,0.004,0.003999624450350638,25.072380947108524,78.13589547237596,77.294313740346,70.0,1550.0,1.45,auto (scaling law),0.05,1000000.0,100.0,20.0,1.2,0.55
toroid_5,wgm_microtoroid,4,up,4,0.004,0.004001905135619328,24.970291224467896,76.98003449519582,77.294313740346,70.0,1550.0,1.45,auto (scaling law),0.05,1000000.0,100.0,20.0,1.2,0.55
toroid_5,wgm_microtoroid,4,up,5,0.004,0.004000973584923021,24.988308414753355,77.17841286257692,77.294313740346,70.0,1550.0,1.45,auto (scaling law),0.05,1000000.0,100.0,20.0,1.2,0.55
toroid_5,wgm_microtoroid,4,up,6,0.004,0.003999360745458081,24.925639755803086,76.40788744260095,77.294313740346,70.0,1550.0,1.45,auto (scaling law),0.05,1000000.0,100.0,20.0,1.2,0.55
toroid_5,wgm_microtoroid,4,up,7,0.004,0.004000307518233125,25.04109479594628,77.78557169001424,77.294313740346,70.0,1550.0,1.45,auto (scaling law),0.05,1000000.0,100.0,20.0,1.2,0.55
toroid_5,wgm_microtoroid,4,up,8,0.004,0.004001105550456905,24.94836957113839,76.70802310243953,77.294313740346,70.0,1550.0,1.45,auto (scaling law),0.05,1000000.0,100.0,20.0,1.2,0.55
toroid_5,wgm_microtoroid,5,up,1,0.005,0.005001453331774747,24.98562032095226,96.47554615006547,96.6178921754325,70.0,1550.0,1.45,auto (scaling law),0.05,1000000.0,100.0,20.0,1.2,0.55
toroid_5,wgm_microtoroid,5,up,2,0.005,0.005002157082226098,24.97817042586208,96.40347040784022,96.6178921754325,70.0,1550.0,1.45,auto (scaling law),0.05,1000000.0,100.0,20.0,1.2,0.55
toroid_5,wgm_microtoroid,5,up,3,0.005,0.005000164583732254,25.01268686803221,96.7649459188664,96.6178921754325,70.0,1550.0,1.45,auto (scaling law),0.05,1000000.0,100.0,20.0,1.2,0.55
toroid_5,wgm_microtoroid,5,up,4,0.005,0.005003597998460291,25.062492360439382,97.42162049715218,96.6178921754325,70.0,1550.0,1.45,auto (scaling law),0.05,1000000.0,100.0,20.0,1.2,0.55
toroid_5,wgm_microtoroid,5,up,5,0.005,0.004999207718939172,24.97917172820339,96.35818170163789,96.6178921754325,70.0,1550.0,1.45,auto (scaling law),0.05,1000000.0,100.0,20.0,1.2,0.55
toroid_5,wgm_microtoroid,5,up,6,0.005,0.0049995765393644215,24.93611738741889,95.860955273797,96.6178921754325,70.0,1550.0,1.45,auto (scaling law),0.05,1000000.0,100.0,20.0,1.2,0.55
toroid_5,wgm_microtoroid,5,up,7,0.005,0.005000158741988267,24.993457430183206,96.54495457048102,96.6178921754325,70.0,1550.0,1.45,auto (scaling law),0.05,1000000.0,100.0,20.0,1.2,0.55
toroid_5,wgm_microtoroid,5,up,8,0.005,0.005002011040989304,25.031188156614924,97.02527694372935,96.6178921754325,70.0,1550.0,1.45,auto (scaling law),0.05,1000000.0,100.0,20.0,1.2,0.55
toroid_5,wgm_microtoroid,6,up,1,0.006,0.005998011248773723,24.978459885616214,115.64490333962303,115.94147061051902,70.0,1550.0,1.45,auto (scaling law),0.05,1000000.0,100.0,20.0,1.2,0.55
toroid_5,wgm_microtoroid,6,up,2,0.006,0.006001320577302037,24.9611039399693,115.51329260738996,115.94147061051902,70.0,1550.0,1.45,auto (scaling law),0.05,1000000.0,100.0,20.0,1.2,0.55
toroid_5,wgm_microtoroid,6,up,3,0.006,0.005996697486072353,25.010222660343327,116.00260352700204,115.94147061051902,70.0,1550.0,1.45,auto (scaling law),0.05,1000000.0,100.0,20.0,1.2,0.55
toroid_5,wgm_microtoroid,6,up,4,0.006,0.005998806291637446,25.006445404856844,115.99239405699677,115.94147061051902,70.0,1550.0,1.45,auto (scaling law),0.05,1000000.0,100.0,20.0,1.2,0.55
toroid_5,wgm_microtoroid,6,up,5,0.006,0.00600221171489768,25.06971610863906,116.80426990808688,115.94147061051902,70.0,1550.0,1.45,auto (scaling law),0.05,1000000.0,100.0,20.0,1.2,0.55
toroid_5,wgm_microtoroid,6,up,6,0.006,0.006001702366759679,24.92790122406951,115.12662540868544,115.94147061051902,70.0,1550.0,1.45,auto (scaling law),0.05,1000000.0,100.0,20.0,1.2,0.55
toroid_5,wgm_microtoroid,6,up,7,0.006,0.005996293972031221,24.978581191867562,115.61898231407496,115.94147061051902,70.0,1550.0,1.45,auto (scaling law),0.05,1000000.0,100.0,20.0,1.2,0.55
toroid_5,wgm_microtoroid,6,up,8,0.006,0.006001176835324671,24.992872739630442,115.8786140714585,115.94147061051902,70.0,1550.0,1.45,auto (scaling law),0.05,1000000.0,100.0,20.0,1.2,0.55
toroid_5,wgm_microtoroid,7,up,1,0.007,0.007001663107518968,24.99300379389197,135.2150900472087,135.2650490456055,70.0,1550.0,1.45,auto (scaling law),0.05,1000000.0,100.0,20.0,1.2,0.55
toroid_5,wgm_microtoroid,7,up,2,0.007,0.006997668780302568,25.021755710398963,135.4729223329459,135.2650490456055,70.0,1550.0,1.45,auto (scaling law),0.05,1000000.0,100.0,20.0,1.2,0.55
toroid_5,wgm_microtoroid,7,up,3,0.007,0.007002726777990396,24.95402428736474,134.77662531207213,135.2650490456055,70.0,1550.0,1.45,auto (scaling law),0.05,1000000.0,100.0,20.0,1.2,0.55
toroid_5,wgm_microtoroid,7,up,4,0.007,0.007000712722398777,24.92824613779247,134.43170660106125,135.2650490456055,70.0,1550.0,1.45,auto (scaling law),0.05,1000000.0,100.0,20.0,1.2,0.55
toroid_5,wgm_microtoroid,7,up,5,0.007,0.007004849476778214,24.913311603558363,134.33600734086366,135.2650490456055,70.0,1550.0,1.45,auto (scaling law),0.05,1000000.0,100.0,20.0,1.2,0.55
toroid_5,wgm_microtoroid,7,up,6,0.007,0.006996697379999764,25.011042644640217,135.33390435341812,135.2650490456055,70.0,1550.0,1.45,auto (scaling law),0.05,1000000.0,100.0,20.0,1.2,0.55
toroid_5,wgm_microtoroid,7,up,7,0.007,0.006999808962853782,25.063834539934636,136.01049916915494,135.2650490456055,70.0,1550.0,1.45,auto (scaling law),0.05,1000000.0,100.0,20.0,1.2,0.55
toroid_5,wgm_microtoroid,7,up,8,0.007,0.006997428899928259,25.058594106956008,135.9045833980936,135.2650490456055,70.0,1550.0,1.45,auto (scaling law),0.05,1000000.0,100.0,20.0,1.2,0.55
toroid_5,wgm_microtoroid,8,up,1,0.008,0.007999452988640104,24.985485608655967,154.40855023851404,154.588627480692,70.0,1550.0,1.45,auto (scaling law),0.05,1000000.0,100.0,20.0,1.2,0.55
toroid_5,wgm_microtoroid,8,up,2,0.008,0.008002649840801042,25.114969636389688,155.99376882367017,154.588627480692,70.0,1550.0,1.45,auto (scaling law),0.05,1000000.0,100.0,20.0,1.2,0.55
toroid_5,wgm_microtoroid,8,up,3,0.008,0.008002875051185321,25.001320369206955,154.65952966098845,154.588627480692,70.0,1550.0,1.45,auto (scaling law),0.05,1000000.0,100.0,20.0,1.2,0.55
toroid_5,wgm_microtoroid,8,up,4,0.008,0.007998447684520042,24.939203296225976,153.84673896241867,154.588627480692,70.0,1550.0,1.45,auto (scaling law),0.05,1000000.0,100.0,20.0,1.2,0.55
toroid_5,wgm_microtoroid,8,up,5,0.008,0.007999267812414773,24.898333712080237,153.38473426552122,154.588627480692,70.0,1550.0,1.45,auto (scaling law),0.05,1000000.0,100.0,20.0,1.2,0.55
toroid_5,wgm_microtoroid,8,up,6,0.008,0.00799864956234516,24.992812496509455,154.4794717339676,154.588627480692,70.0,1550.0,1.45,auto (scaling law),0.05,1000000.0,100.0,20.0,1.2,0.55
toroid_5,wgm_microtoroid,8,up,7,0.008,0.00800263552158744,25.01606600034248,154.82668869478024,154.588627480692,70.0,1550.0,1.45,auto (scaling law),0.05,1000000.0,100.0,20.0,1.2,0.55
toroid_5,wgm_microtoroid,8,up,8,0.008,0.0080024932033005,24.97066982449719,154.29343626335665,154.588627480692,70.0,1550.0,1.45,auto (scaling law),0.05,1000000.0,100.0,20.0,1.2,0.55
toroid_5,wgm_microtoroid,9,up,1,0.009000000000000001,0.009001073381986772,25.01591119855695,174.1198064922384,173.91220591577854,70.0,1550.0,1.45,auto (scaling law),0.05,1000000.0,100.0,20.0,1.2,0.55
toroid_5,wgm_microtoroid,9,up,2,0.009000000000000001,0.00900427490572086,25.06055047530583,174.71036767909703,173.91220591577854,70.0,1550.0,1.45,auto (scaling law),0.05,1000000.0,100.0,20.0,1.2,0.55
toroid_5,wgm_microtoroid,9,up,3,0.009000000000000001,0.008999130862131631,24.95824450324535,173.4062659187365,173.91220591577854,70.0,1550.0,1.45,auto (scaling law),0.05,1000000.0,100.0,20.0,1.2,0.55
toroid_5,wgm_microtoroid,9,up,4,0.009000000000000001,0.008996899233646412,24.96487755367203,173.4424430372346,173.91220591577854,70.0,1550.0,1.45,auto (scaling law),0.05,1000000.0,100.0,20.0,1.2,0.55
toroid_5,wgm_microtoroid,9,up,5,0.009000000000000001,0.009000597604096957,24.99887176330649,173.9127257278193,173.91220591577854,70.0,1550.0,1.45,auto (scaling law),0.05,1000000.0,100.0,20.0,1.2,0.55
toroid_5,wgm_microtoroid,9,up,6,0.009000000000000001,0.009000651588298702,24.97461064761319,173.62612206746172,173.91220591577854,70.0,1550.0,1.45,auto (scaling law),0.05,1000000.0,100.0,20.0,1.2,0.55
toroid_5,wgm_microtoroid,9,up,7,0.009000000000000001,0.008999168641852115,25.06355429470732,174.64237165608975,173.91220591577854,70.0,1550.0,1.45,auto (scaling law),0.05,1000000.0,100.0,20.0,1.2,0.55
toroid_5,wgm_microtoroid,9,up,8,0.009000000000000001,0.009001129455186002,25.02895605601958,174.27421925500906,173.91220591577854,70.0,1550.0,1.45,auto (scaling law),0.05,1000000.0,100.0,20.0,1.2,0.55
toroid_5,wgm_microtoroid,10,up,1,0.01,0.009997818163333012,25.036269286636674,193.6212311642849,193.235784350865,70.0,1550.0,1.45,auto (scaling law),0.05,1000000.0,100.0,20.0,1.2,0.55
toroid_5,wgm_microtoroid,10,up,2,0.01,0.009999310134654844,25.063862809168562,193.97815995107638,193.235784350865,70.0,1550.0,1.45,auto (scaling law),0.05,1000000.0,100.0,20.0,1.2,0.55
toroid_5,wgm_microtoroid,10,up,3,0.01,0.010001708551554866,24.957029171002098,192.76590459356225,193.235784350865,70.0,1550.0,1.45,auto (scaling law),0.05,1000000.0,100.0,20.0,1.2,0.55
toroid_5,wgm_microtoroid,10,up,4,0.01,0.010000619456609147,25.001248914089675,193.26492262870445,193.235784350865,70.0,1550.0,1.45,auto (scaling law),0.05,1000000.0,100.0,20.0,1.2,0.55
toroid_5,wgm_microtoroid,10,up,5,0.01,0.009998112394079831,24.990467435025437,193.0848158707567,193.235784350865,70.0,1550.0,1.45,auto (scaling law),0.05,1000000.0,100.0,20.0,1.2,0.55
toroid_5,wgm_microtoroid,10,up,6,0.01,0.010004726901607398,25.057391163228644,194.00334069539898,193.235784350865,70.0,1550.0,1.45,auto (scaling law),0.05,1000000.0,100.0,20.0,1.2,0.55
toroid_5,wgm_microtoroid,10,up,7,0.01,0.009997939647025457,25.01958096049431,193.42263986362465,193.235784350865,70.0,1550.0,1.45,auto (scaling law),0.05,1000000.0,100.0,20.0,1.2,0.55
toroid_5,wgm_microtoroid,10,up,8,0.01,0.01000124519507551,25.02138858625887,193.51382960911516,193.235784350865,70.0,1550.0,1.45,auto (scaling law),0.05,1000000.0,100.0,20.0,1.2,0.55
toroid_6,wgm_microtoroid,0,up,1,0.0,-2.861746045718175e-06,24.97021756762325,-0.40404883756498255,0.0,90.0,1550.0,1.45,auto (scaling law),0.05,1000000.0,100.0,20.0,1.2,0.55
toroid_6,wgm_microtoroid,0,up,2,0.0,-1.8730954326394295e-06,25.104704249295132,1.2352286648790287,0.0,90.0,1550.0,1.45,auto (scaling law),0.05,1000000.0,100.0,20.0,1.2,0.55
toroid_6,wgm_microtoroid,0,up,3,0.0,7.87876713600762e-07,25.03643444707717,0.4535124709988734,0.0,90.0,1550.0,1.45,auto (scaling law),0.05,1000000.0,100.0,20.0,1.2,0.55
toroid_6,wgm_microtoroid,0,up,4,0.0,-1.0481732558039959e-06,24.973050528470946,-0.34224983833818523,0.0,90.0,1550.0,1.45,auto (scaling law),0.05,1000000.0,100.0,20.0,1.2,0.55
toroid_6,wgm_microtoroid,0,up,5,0.0,1.0512324090350182e-06,25.010074389511313,0.13431863565670674,0.0,90.0,1550.0,1.45,auto (scaling law),0.05,1000000.0,100.0,20.0,1.2,0.55
toroid_6,wgm_microtoroid,0,up,6,0.0,1.614647246818693e-06,25.010748895933894,0.15155143137213903,0.0,90.0,1550.0,1.45,auto (scaling law),0.05,1000000.0,100.0,20.0,1.2,0.55
toroid_6,wgm_microtoroid,0,up,7,0.0,-2.8870627765992715e-06,25.016475905470973,0.15184951529233742,0.0,90.0,1550.0,1.45,auto (scaling law),0.05,1000000.0,100.0,20.0,1.2,0.55
toroid_6,wgm_microtoroid,0,up,8,0.0,2.0341275777843742e-06,25.06966302465956,0.8743018129383651,0.0,90.0,1550.0,1.45,auto (scaling law),0.05,1000000.0,100.0,20.0,1.2,0.55
toroid_6,wgm_microtoroid,1,up,1,0.001,0.0010028866111825457,24.99636523680554,16.341683805248454,16.342728831718333,90.0,1550.0,1.45,auto (scaling law),0.05,1000000.0,100.0,20.0,1.2,0.55
toroid_6,wgm_microtoroid,1,up,2,0.001,0.0009987733966083342,25.02228664839624,16.58663556482489,16.342728831718333,90.0,1550.0,1.45,auto (scaling law),0.05,1000000.0,100.0,20.0,1.2,0.55
toroid_6,wgm_microtoroid,1,up,3,0.001,0.0010001555479020763,25.01695442409635,16.54892437730097,16.342728831718333,90.0,1550.0,1.45,auto (scaling law),0.05,1000000.0,100.0,20.0,1.2,0.55
toroid_6,wgm_microtoroid,1,up,4,0.001,0.0009983740432999593,24.934288407402605,15.525051004144954,16.342728831718333,90.0,1550.0,1.45,auto (scaling law),0.05,1000000.0,100.0,20.0,1.2,0.55
toroid_6,wgm_microtoroid,1,up,5,0.001,0.0009991553332644632,25.07590838743945,17.241357869268924,16.342728831718333,90.0,1550.0,1.45,auto (scaling law),0.05,1000000.0,100.0,20.0,1.2,0.55
toroid_6,wgm_microtoroid,1,up,6,0.001,0.0009954411023021172,25.037865702678882,16.729406322299564,16.342728831718333,90.0,1550.0,1.45,auto (scaling law),0.05,1000000.0,100.0,20.0,1.2,0.55
toroid_6,wgm_microtoroid,1,up,7,0.001,0.0010014776849090656,25.02500675014957,16.66893765365233,16.342728831718333,90.0,1550.0,1.45,auto (scaling law),0.05,1000000.0,100.0,20.0,1.2,0.55
toroid_6,wgm_microtoroid,1,up,8,0.001,0.0009985547893526486,24.967020125549787,15.924602033654008,16.342728831718333,90.0,1550.0,1.45,auto (scaling law),0.05,1000000.0,100.0,20.0,1.2,0.55
toroid_6,wgm_microtoroid,2,up,1,0.002,0.0020018131382642463,25.0525926845605,33.34631858237277,32.685457663436665,90.0,1550.0,1.45,auto (scaling law),0.05,1000000.0,100.0,20.0,1.2,0.55
toroid_6,wgm_microtoroid,2,up,2,0.002,0.0019978590566905375,24.929494181813244,31.80366178404261,32.685457663436665,90.0,1550.0,1.45,auto (scaling law),0.05,1000000.0,100.0,20.0,1.2,0.55
toroid_6,wgm_microtoroid,2,up,3,0.002,0.0020019877592157794,24.98762516527906,32.57337500477919,32.685457663436665,90.0,1550.0,1.45,auto (scaling law),0.05,1000000.0,100.0,20.0,1.2,0.55
toroid_6,wgm_microtoroid,2,up,4,0.002,0.0020009004049152067,24.972714139529813,32.372339549705494,32.685457663436665,90.0,1550.0,1.45,auto (scaling law),0.05,1000000.0,100.0,20.0,1.2,0.55
toroid_6,wgm_microtoroid,2,up,5,0.002,0.001997462740451451,25.00271453790649,32.67252711335657,32.685457663436665,90.0,1550.0,1.45,auto (scaling law),0.05,1000000.0,100.0,20.0,1.2,0.55
toroid_6,wgm_microtoroid,2,up,6,0.002,0.0020014468793529065,25.005312499492966,32.771314136305,32.685457663436665,90.0,1550.0,1.45,auto (scaling law),0.05,1000000.0,100.0,20.0,1.2,0.55
toroid_6,wgm_microtoroid,2,up,7,0.002,0.002002143950871339,25.056303896694395,33.39822548935283,32.685457663436665,90.0,1550.0,1.45,auto (scaling law),0.05,1000000.0,100.0,20.0,1.2,0.55
toroid_6,wgm_microtoroid,2,up,8,0.002,0.0020019531898602515,25.037607538839772,33.16590230225379,32.685457663436665,90.0,1550.0,1.45,auto (scaling law),0.05,1000000.0,100.0,20.0,1.2,0.55
toroid_6,wgm_microtoroid,3,up,1,0.003,0.002999723408876421,24.96561272434325,48.615229002684224,49.02818649515501,90.0,1550.0,1.45,auto (scaling law),0.05,1000000.0,100.0,20.0,1.2,0.55
toroid_6,wgm_microtoroid,3,up,2,0.003,0.002997454671286846,25.05550166550811,49.65416840850361,49.02818649515501,90.0,1550.0,1.45,auto (scaling law),0.05,1000000.0,100.0,20.0,1.2,0.55
toroid_6,wgm_microtoroid,3,up,3,0.003,0.0030015852348444726,24.96214252829229,48.60408523376424,49.02818649515501,90.0,1550.0,1.45,auto (scaling law),0.05,1000000.0,100.0,20.0,1.2,0.55
toroid_6,wgm_microtoroid,3,up,4,0.003,0.003001368754202612,24.93115944137966,48.22711822923842,49.02818649515501,90.0,1550.0,1.45,auto (scaling law),0.05,1000000.0,100.0,20.0,1.2,0.55
toroid_6,wgm_microtoroid,3,up,5,0.003,0.0029998470626377,25.039518534555256,49.50077330917309,49.02818649515501,90.0,1550.0,1.45,auto (scaling law),0.05,1000000.0,100.0,20.0,1.2,0.55
toroid_6,wgm_microtoroid,3,up,6,0.003,0.0029974904256562414,25.08890145674483,50.059206064495115,49.02818649515501,90.0,1550.0,1.45,auto (scaling law),0.05,1000000.0,100.0,20.0,1.2,0.55
toroid_6,wgm_microtoroid,3,up,7,0.003,0.0030005784207513186,25.080464160435827,50.00333715611801,49.02818649515501,90.0,1550.0,1.45,auto (scaling law),0.05,1000000.0,100.0,20.0,1.2,0.55
toroid_6,wgm_microtoroid,3,up,8,0.003,0.00299872505808401,25.039051169303352,49.47491566760616,49.02818649515501,90.0,1550.0,1.45,auto (scaling law),0.05,1000000.0,100.0,20.0,1.2,0.55
toroid_6,wgm_microtoroid,4,up,1,0.004,0.004001131661195801,25.051109193903297,66.01094420482464,65.37091532687333,90.0,1550.0,1.45,auto (scaling law),0.05,1000000.0,100.0,20.0,1.2,0.55
toroid_6,wgm_microtoroid,4,up,2,0.004,0.003997672797503501,25.07571031673581,66.24918265138201,65.37091532687333,90.0,1550.0,1.45,auto (scaling law),0.05,1000000.0,100.0,20.0,1.2,0.55
toroid_6,wgm_microtoroid,4,up,3,0.004,0.004000429746164955,24.97814352526518,65.1169975593378,65.37091532687333,90.0,1550.0,1.45,auto (scaling law),0.05,1000000.0,100.0,20.0,1.2,0.55
toroid_6,wgm_microtoroid,4,up,4,0.004,0.0040009254322948195,24.967537998940323,64.99498353309747,65.37091532687333,90.0,1550.0,1.45,auto (scaling law),0.05,1000000.0,100.0,20.0,1.2,0.55
toroid_6,wgm_microtoroid,4,up,5,0.004,0.0040002801250354015,24.879327924070147,63.91954677274834,65.37091532687333,90.0,1550.0,1.45,auto (scaling law),0.05,1000000.0,100.0,20.0,1.2,0.55
toroid_6,wgm_microtoroid,4,up,6,0.004,0.004001956599277199,25.022602485901007,65.67554224682979,65.37091532687333,90.0,1550.0,1.45,auto (scaling law),0.05,1000000.0,100.0,20.0,1.2,0.55
toroid_6,wgm_microtoroid,4,up,7,0.004,0.004003914569080051,25.05384051946528,66.08491333236742,65.37091532687333,90.0,1550.0,1.45,auto (scaling law),0.05,1000000.0,100.0,20.0,1.2,0.55
toroid_6,wgm_microtoroid,4,up,8,0.004,0.004000391103143648,25.023043371236916,65.65478224765303,65.37091532687333,90.0,1550.0,1.45,auto (scaling law),0.05,1000000.0,100.0,20.0,1.2,0.55
toroid_6,wgm_microtoroid,5,up,1,0.005,0.004999449811557747,24.99012225024545,81.58898910114588,81.71364415859168,90.0,1550.0,1.45,auto (scaling law),0.05,1000000.0,100.0,20.0,1.2,0.55
toroid_6,wgm_microtoroid,5,up,2,0.005,0.004999289811178758,24.97226744115971,81.36803296969076,81.71364415859168,90.0,1550.0,1.45,auto (scaling law),0.05,1000000.0,100.0,20.0,1.2,0.55
toroid_6,wgm_microtoroid,5,up,3,0.005,0.005001461472854651,24.942890141656108,81.05099087631721,81.71364415859168,90.0,1550.0,1.45,auto (scaling law),0.05,1000000.0,100.0,20.0,1.2,0.55
toroid_6,wgm_microtoroid,5,up,4,0.005,0.0049966399328468325,25.059925651547474,82.38566177577759,81.71364415859168,90.0,1550.0,1.45,auto (scaling law),0.05,1000000.0,100.0,20.0,1.2,0.55
toroid_6,wgm_microtoroid,5,up,5,0.005,0.004999423844582067,25.0308522761768,82.07171584496612,81.71364415859168,90.0,1550.0,1.45,auto (scaling law),0.05,1000000.0,100.0,20.0,1.2,0.55
toroid_6,wgm_microtoroid,5,up,6,0.005,0.005000203763333938,25.011855816652364,81.85773006470231,81.71364415859168,90.0,1550.0,1.45,auto (scaling law),0.05,1000000.0,100.0,20.0,1.2,0.55
toroid_6,wgm_microtoroid,5,up,7,0.005,0.005001452841839585,24.965193147741402,81.3192197758556,81.71364415859168,90.0,1550.0,1.45,auto (scaling law),0.05,1000000.0,100.0,20.0,1.2,0.55
toroid_6,wgm_microtoroid,5,up,8,0.005,0.00500146730524344,24.94513161004484,81.0785093264881,81.71364415859168,90.0,1550.0,1.45,auto (scaling law),0.05,1000000.0,100.0,20.0,1.2,0.55
toroid_6,wgm_microtoroid,6,up,1,0.006,0.005997977731977,25.076435818325468,98.93954413580474,98.05637299031002,90.0,1550.0,1.45,auto (scaling law),0.05,1000000.0,100.0,20.0,1.2,0.55
toroid_6,wgm_microtoroid,6,up,2,0.006,0.005999903564145996,24.960480555209173,97.58239640544379,98.05637299031002,90.0,1550.0,1.45,auto (scaling law),0.05,1000000.0,100.0,20.0,1.2,0.55
toroid_6,wgm_microtoroid,6,up,3,0.006,0.005998852260454298,25.02202899353119,98.30566846106852,98.05637299031002,90.0,1550.0,1.45,auto (scaling law),0.05,1000000.0,100.0,20.0,1.2,0.55
toroid_6,wgm_microtoroid,6,up,4,0.006,0.005998902949057732,24.929985520870396,97.19456460974436,98.05637299031002,90.0,1550.0,1.45,auto (scaling law),0.05,1000000.0,100.0,20.0,1.2,0.55
toroid_6,wgm_microtoroid,6,up,5,0.006,0.006000833475824321,24.917627713241263,97.07708353617377,98.05637299031002,90.0,1550.0,1.45,auto (scaling law),0.05,1000000.0,100.0,20.0,1.2,0.55
toroid_6,wgm_microtoroid,6,up,6,0.006,0.006000458019087276,24.930973786838756,97.23234859117538,98.05637299031002,90.0,1550.0,1.45,auto (scaling law),0.05,1000000.0,100.0,20.0,1.2,0.55
toroid_6,wgm_microtoroid,6,up,7,0.006,0.006002422197242996,25.036385252314876,98.5308648873191,98.05637299031002,90.0,1550.0,1.45,auto (scaling law),0.05,1000000.0,100.0,20.0,1.2,0.55
toroid_6,wgm_microtoroid,6,up,8,0.006,0.006001277180222858,25.010635883495627,98.2118654981189,98.05637299031002,90.0,1550.0,1.45,auto (scaling law),0.05,1000000.0,100.0,20.0,1.2,0.55
toroid_6,wgm_microtoroid,7,up,1,0.007,0.00699905881751632,24.9591546125101,113.89281940191385,114.39910182202834,90.0,1550.0,1.45,auto (scaling law),0.05,1000000.0,100.0,20.0,1.2,0.55
toroid_6,wgm_microtoroid,7,up,2,0.007,0.00699960696333379,25.040021076832044,114.874823883902,114.39910182202834,90.0,1550.0,1.45,auto (scaling law),0.05,1000000.0,100.0,20.0,1.2,0.55
toroid_6,wgm_microtoroid,7,up,3,0.007,0.006999342847233418,24.94975552469188,113.78732615699602,114.39910182202834,90.0,1550.0,1.45,auto (scaling law),0.05,1000000.0,100.0,20.0,1.2,0.55
toroid_6,wgm_microtoroid,7,up,4,0.007,0.006998652540490442,24.949720373840776,113.77023314451276,114.39910182202834,90.0,1550.0,1.45,auto (scaling law),0.05,1000000.0,100.0,20.0,1.2,0.55
toroid_6,wgm_microtoroid,7,up,5,0.007,0.006998172749473482,25.01596457442134,114.55983152505446,114.39910182202834,90.0,1550.0,1.45,auto (scaling law),0.05,1000000.0,100.0,20.0,1.2,0.55
toroid_6,wgm_microtoroid,7,up,6,0.007,0.00700066222451969,24.94278869723505,113.71586773603778,114.39910182202834,90.0,1550.0,1.45,auto (scaling law),0.05,1000000.0,100.0,20.0,1.2,0.55
toroid_6,wgm_microtoroid,7,up,7,0.007,0.006997511762736423,24.983210057410652,114.15624784875968,114.39910182202834,90.0,1550.0,1.45,auto (scaling law),0.05,1000000.0,100.0,20.0,1.2,0.55
toroid_6,wgm_microtoroid,7,up,8,0.007,0.0069978944404187745,25.04417635286566,114.89854703959855,114.39910182202834,90.0,1550.0,1.45,auto (scaling law),0.05,1000000.0,100.0,20.0,1.2,0.55
toroid_6,wgm_microtoroid,8,up,1,0.008,0.007998634859834049,24.998117430018418,130.69992062719274,130.74183065374666,90.0,1550.0,1.45,auto (scaling law),0.05,1000000.0,100.0,20.0,1.2,0.55
toroid_6,wgm_microtoroid,8,up,2,0.008,0.008003746766124429,24.987221570837058,130.64679125464878,130.74183065374666,90.0,1550.0,1.45,auto (scaling law),0.05,1000000.0,100.0,20.0,1.2,0.55
toroid_6,wgm_microtoroid,8,up,3,0.008,0.008002018386566468,24.912241746002163,129.71864960720742,130.74183065374666,90.0,1550.0,1.45,auto (scaling law),0.05,1000000.0,100.0,20.0,1.2,0.55
toroid_6,wgm_microtoroid,8,up,4,0.008,0.008001826038609593,25.023969786708285,131.06046997296167,130.74183065374666,90.0,1550.0,1.45,auto (scaling law),0.05,1000000.0,100.0,20.0,1.2,0.55
toroid_6,wgm_microtoroid,8,up,5,0.008,0.007997557238262261,25.10209000082725,131.93213819609485,130.74183065374666,90.0,1550.0,1.45,auto (scaling law),0.05,1000000.0,100.0,20.0,1.2,0.55
toroid_6,wgm_microtoroid,8,up,6,0.008,0.00800056129524003,25.03694615935904,131.2006142058955,130.74183065374666,90.0,1550.0,1.45,auto (scaling law),0.05,1000000.0,100.0,20.0,1.2,0.55
toroid_6,wgm_microtoroid,8,up,7,0.008,0.008000709743881475,24.956621618835293,130.22665097234523,130.74183065374666,90.0,1550.0,1.45,auto (scaling law),0.05,1000000.0,100.0,20.0,1.2,0.55
toroid_6,wgm_microtoroid,8,up,8,0.008,0.00799588004455159,24.986416666877226,130.51410147396277,130.74183065374666,90.0,1550.0,1.45,auto (scaling law),0.05,1000000.0,100.0,20.0,1.2,0.55
toroid_6,wgm_microtoroid,9,up,1,0.009000000000000001,0.009000517986450417,24.94871235369518,146.4765656508383,147.08455948546504,90.0,1550.0,1.45,auto (scaling law),0.05,1000000.0,100.0,20.0,1.2,0.55
toroid_6,wgm_microtoroid,9,up,2,0.009000000000000001,0.008999799841307018,24.968768046587737,146.70139235141323,147.08455948546504,90.0,1550.0,1.45,auto (scaling law),0.05,1000000.0,100.0,20.0,1.2,0.55
toroid_6,wgm_microtoroid,9,up,3,0.009000000000000001,0.008996644300371344,24.957706136190954,146.52128287847242,147.08455948546504,90.0,1550.0,1.45,auto (scaling law),0.05,1000000.0,100.0,20.0,1.2,0.55
toroid_6,wgm_microtoroid,9,up,4,0.009000000000000001,0.009000604096203577,25.07775543490705,148.03501603925426,147.08455948546504,90.0,1550.0,1.45,auto (scaling law),0.05,1000000.0,100.0,20.0,1.2,0.55
toroid_6,wgm_microtoroid,9,up,5,0.009000000000000001,0.00899916449741789,25.05316699986552,147.70856032162538,147.08455948546504,90.0,1550.0,1.45,auto (scaling law),0.05,1000000.0,100.0,20.0,1.2,0.55
toroid_6,wgm_microtoroid,9,up,6,0.009000000000000001,0.00899408504444276,24.995506598393913,146.93373395907946,147.08455948546504,90.0,1550.0,1.45,auto (scaling law),0.05,1000000.0,100.0,20.0,1.2,0.55
toroid_6,wgm_microtoroid,9,up,7,0.009000000000000001,0.008997230921257315,25.069346227355027,147.8772280218011,147.08455948546504,90.0,1550.0,1.45,auto (scaling law),0.05,1000000.0,100.0,20.0,1.2,0.55
toroid_6,wgm_microtoroid,9,up,8,0.009000000000000001,0.008997573540737313,25.10684303675109,148.33519505040698,147.08455948546504,90.0,1550.0,1.45,auto (scaling law),0.05,1000000.0,100.0,20.0,1.2,0.55
toroid_6,wgm_microtoroid,10,up,1,0.01,0.010001702352269297,25.06298471897213,164.20951281467958,163.42728831718335,90.0,1550.0,1.45,auto (scaling law),0.05,1000000.0,100.0,20.0,1.2,0.55
toroid_6,wgm_microtoroid,10,up,2,0.01,0.01000074487780986,25.050083063562067,164.04287050274408,163.42728831718335,90.0,1550.0,1.45,auto (scaling law),0.05,1000000.0,100.0,20.0,1.2,0.55
toroid_6,wgm_microtoroid,10,up,3,0.01,0.009999714835541015,24.961445843419924,162.95713411831807,163.42728831718335,90.0,1550.0,1.45,auto (scaling law),0.05,1000000.0,100.0,20.0,1.2,0.55
toroid_6,wgm_microtoroid,10,up,4,0.01,0.009998853807647529,24.917000154001578,162.40669749275398,163.42728831718335,90.0,1550.0,1.45,auto (scaling law),0.05,1000000.0,100.0,20.0,1.2,0.55
toroid_6,wgm_microtoroid,10,up,5,0.01,0.010002009385603304,25.00573508037454,163.53649828770546,163.42728831718335,90.0,1550.0,1.45,auto (scaling law),0.05,1000000.0,100.0,20.0,1.2,0.55
toroid_6,wgm_microtoroid,10,up,6,0.01,0.010001855032001562,25.040402120265693,163.94426515844592,163.42728831718335,90.0,1550.0,1.45,auto (scaling law),0.05,1000000.0,100.0,20.0,1.2,0.55
toroid_6,wgm_microtoroid,10,up,7,0.01,0.009999023581622848,25.04806863499656,163.99104240095545,163.42728831718335,90.0,1550.0,1.45,auto (scaling law),0.05,1000000.0,100.0,20.0,1.2,0.55
toroid_6,wgm_microtoroid,10,up,8,0.01,0.009998611189592953,25.040787693282834,163.8950606463447,163.42728831718335,90.0,1550.0,1.45,auto (scaling law),0.05,1000000.0,100.0,20.0,1.2,0.55
